0,"(30.0, 30.0, 10.0)",0
0.04,"(30.0, 30.0, 10.0)",0
0.08,"(30.0, 30.0, 10.0)",0
0.12,"(30.0, 30.0, 10.0)",0
0.16,"(30.0, 30.0, 10.0)",0
0.2,"(30.0, 30.0, 10.0)",0
0.24000000000000002,"(30.0, 30.0, 10.0)",0
0.28,"(30.0, 30.0, 10.0)",0
0.32,"(30.0, 30.0, 10.0)",0
0.36,"(30.0, 30.0, 10.0)",0
0.39999999999999997,"(30.0, 30.0, 10.0)",0
0.43999999999999995,"(30.0, 30.0, 10.0)",0
0.4799999999999999,"(30.0, 30.0, 10.0)",0
0.5199999999999999,"(30.0, 30.0, 10.0)",0
0.5599999999999999,"(30.0, 30.0, 10.0)",0
0.6,"(30.0, 30.0, 10.0)",0
0.64,"(30.0, 30.0, 10.0)",0
0.68,"(30.0, 30.0, 10.0)",0
0.7200000000000001,"(30.0, 30.0, 10.0)",0
0.7600000000000001,"(30.0, 30.0, 10.0)",0
0.8000000000000002,"(30.0, 30.0, 10.0)",0
0.8400000000000002,"(30.0, 30.0, 10.0)",0
0.8800000000000002,"(30.0, 30.0, 10.0)",0
0.9200000000000003,"(30.0, 30.0, 10.0)",0
0.9600000000000003,"(30.0, 30.0, 10.0)",0
1.0000000000000002,"(30.0, 30.0, 10.0)",0
1.0400000000000003,"(30.0, 30.0, 10.0)",0
1.0800000000000003,"(30.0, 30.0, 10.0)",0
1.1200000000000003,"(30.0, 30.0, 10.0)",0
1.1600000000000004,"(30.0, 30.0, 10.0)",0
1.2000000000000004,"(30.0, 30.0, 10.0)",0
1.2400000000000004,"(30.0, 30.0, 10.0)",0
1.2800000000000005,"(30.0, 30.0, 10.0)",0
1.3200000000000005,"(30.0, 30.0, 10.0)",0
1.3600000000000005,"(30.0, 30.0, 10.0)",0
1.4000000000000006,"(30.0, 30.0, 10.0)",0
1.4400000000000006,"(30.0, 30.0, 10.0)",0
1.4800000000000006,"(30.0, 30.0, 10.0)",0
1.5200000000000007,"(30.0, 30.0, 10.0)",0
1.5600000000000007,"(30.0, 30.0, 10.0)",0
1.6000000000000008,"(30.0, 30.0, 10.0)",0
1.6400000000000008,"(30.0, 30.0, 10.0)",0
1.6800000000000008,"(30.0, 30.0, 10.0)",0
1.7200000000000009,"(30.0, 30.0, 10.0)",0
1.760000000000001,"(30.0, 30.0, 10.0)",0
1.800000000000001,"(30.0, 30.0, 10.0)",0
1.840000000000001,"(30.0, 30.0, 10.0)",0
1.880000000000001,"(30.0, 30.0, 10.0)",0
1.920000000000001,"(30.0, 30.0, 10.0)",0
1.960000000000001,"(30.0, 30.0, 10.0)",0
2.000000000000001,"(30.0, 30.0, 10.0)",0
2.040000000000001,"(30.0, 30.0, 10.0)",0
2.080000000000001,"(30.0, 30.0, 10.0)",0
2.120000000000001,"(30.0, 30.0, 10.0)",0
2.160000000000001,"(30.0, 30.0, 10.0)",0
2.200000000000001,"(30.0, 30.0, 10.0)",0
2.240000000000001,"(30.0, 30.0, 10.0)",0
2.280000000000001,"(30.0, 30.0, 10.0)",0
2.320000000000001,"(30.0, 30.0, 10.0)",0
2.360000000000001,"(30.0, 30.0, 10.0)",0
2.4000000000000012,"(30.0, 30.0, 10.0)",0
2.4400000000000013,"(30.0, 30.0, 10.0)",0
2.4800000000000013,"(30.0, 30.0, 10.0)",0
2.5200000000000014,"(30.0, 30.0, 10.0)",0
2.5600000000000014,"(30.0, 30.0, 10.0)",0
2.6000000000000014,"(30.0, 30.0, 10.0)",0
2.6400000000000015,"(30.0, 30.0, 10.0)",0
2.6800000000000015,"(30.0, 30.0, 10.0)",0
2.7200000000000015,"(30.0, 30.0, 10.0)",0
2.7600000000000016,"(30.0, 30.0, 10.0)",0
2.8000000000000016,"(30.0, 30.0, 10.0)",0
2.8400000000000016,"(30.0, 30.0, 10.0)",0
2.8800000000000017,"(30.0, 30.0, 10.0)",0
2.9200000000000017,"(30.0, 30.0, 10.0)",0
2.9600000000000017,"(30.0, 30.0, 10.0)",0
3.0000000000000018,"(30.0, 30.0, 10.0)",0
3.040000000000002,"(30.0, 30.0, 10.0)",0
3.080000000000002,"(30.0, 30.0, 10.0)",0
3.120000000000002,"(30.0, 30.0, 10.0)",0
3.160000000000002,"(30.0, 30.0, 10.0)",0
3.200000000000002,"(30.0, 30.0, 10.0)",0
3.240000000000002,"(30.0, 30.0, 10.0)",0
3.280000000000002,"(30.0, 30.0, 10.0)",0
3.320000000000002,"(30.0, 30.0, 10.0)",0
3.360000000000002,"(30.0, 30.0, 10.0)",0
3.400000000000002,"(30.0, 30.0, 10.0)",0
3.440000000000002,"(30.0, 30.0, 10.0)",0
3.480000000000002,"(30.0, 30.0, 10.0)",0
3.5200000000000022,"(30.0, 30.0, 10.0)",0
3.5600000000000023,"(30.0, 30.0, 10.0)",0
3.6000000000000023,"(30.0, 30.0, 10.0)",0
3.6400000000000023,"(30.0, 30.0, 10.0)",0
3.6800000000000024,"(30.0, 30.0, 10.0)",0
3.7200000000000024,"(30.0, 30.0, 10.0)",0
3.7600000000000025,"(30.0, 30.0, 10.0)",0
3.8000000000000025,"(30.0, 30.0, 10.0)",0
3.8400000000000025,"(30.0, 30.0, 10.0)",0
3.8800000000000026,"(30.0, 30.0, 10.0)",0
3.9200000000000026,"(30.0, 30.0, 10.0)",0
3.9600000000000026,"(30.0, 30.0, 10.0)",0
4.000000000000003,"(30.0, 30.0, 10.0)",0
4.040000000000003,"(30.0, 30.0, 10.0)",0
4.080000000000003,"(30.0, 30.0, 10.0)",0
4.120000000000003,"(30.0, 30.0, 10.0)",0
4.160000000000003,"(30.0, 30.0, 10.0)",0
4.200000000000003,"(30.0, 30.0, 10.0)",0
4.240000000000003,"(30.0, 30.0, 10.0)",0
4.280000000000003,"(30.0, 30.0, 10.0)",0
4.320000000000003,"(30.0, 30.0, 10.0)",0
4.360000000000003,"(30.0, 30.0, 10.0)",0
4.400000000000003,"(30.0, 30.0, 10.0)",0
4.440000000000003,"(30.0, 30.0, 10.0)",0
4.480000000000003,"(30.0, 30.0, 10.0)",0
4.520000000000003,"(30.0, 30.0, 10.0)",0
4.560000000000003,"(30.0, 30.0, 10.0)",0
4.600000000000003,"(30.0, 30.0, 10.0)",0
4.640000000000003,"(30.0, 30.0, 10.0)",0
4.680000000000003,"(30.0, 30.0, 10.0)",0
4.720000000000003,"(30.0, 30.0, 10.0)",0
4.760000000000003,"(30.0, 30.0, 10.0)",0
4.800000000000003,"(30.0, 30.0, 10.0)",0
4.840000000000003,"(30.0, 30.0, 10.0)",0
4.8800000000000034,"(30.0, 30.0, 10.0)",0
4.9200000000000035,"(30.0, 30.0, 10.0)",0
4.9600000000000035,"(30.0, 30.0, 10.0)",0
5.0000000000000036,"(30.0, 30.0, 10.0)",0
5.040000000000004,"(30.0, 30.0, 10.0)",0
5.080000000000004,"(30.0, 30.0, 10.0)",0
5.120000000000004,"(30.0, 30.0, 10.0)",0
5.160000000000004,"(30.0, 30.0, 10.0)",0
5.200000000000004,"(30.0, 30.0, 10.0)",0
5.240000000000004,"(30.0, 30.0, 10.0)",0
5.280000000000004,"(30.0, 30.0, 10.0)",0
5.320000000000004,"(30.0, 30.0, 10.0)",0
5.360000000000004,"(30.0, 30.0, 10.0)",0
5.400000000000004,"(30.0, 30.0, 10.0)",0
5.440000000000004,"(30.0, 30.0, 10.0)",0
5.480000000000004,"(30.0, 30.0, 10.0)",0
5.520000000000004,"(30.0, 30.0, 10.0)",0
5.560000000000004,"(30.0, 30.0, 10.0)",0
5.600000000000004,"(30.0, 30.0, 10.0)",0
5.640000000000004,"(30.0, 30.0, 10.0)",0
5.680000000000004,"(30.0, 30.0, 10.0)",0
5.720000000000004,"(30.0, 30.0, 10.0)",0
5.760000000000004,"(30.0, 30.0, 10.0)",0
5.800000000000004,"(30.0, 30.0, 10.0)",0
5.840000000000004,"(30.0, 30.0, 10.0)",0
5.880000000000004,"(30.0, 30.0, 10.0)",0
5.920000000000004,"(30.0, 30.0, 10.0)",0
5.960000000000004,"(30.0, 30.0, 10.0)",0
6.000000000000004,"(30.0, 30.0, 10.0)",0
6.0400000000000045,"(30.0, 30.0, 10.0)",0
6.0800000000000045,"(30.0, 30.0, 10.0)",0
6.1200000000000045,"(30.0, 30.0, 10.0)",0
6.160000000000005,"(30.0, 30.0, 10.0)",0
6.200000000000005,"(30.0, 30.0, 10.0)",0
6.240000000000005,"(30.0, 30.0, 10.0)",0
6.280000000000005,"(30.0, 30.0, 10.0)",0
6.320000000000005,"(30.0, 30.0, 10.0)",0
6.360000000000005,"(30.0, 30.0, 10.0)",0
6.400000000000005,"(30.0, 30.0, 10.0)",0
6.440000000000005,"(30.0, 30.0, 10.0)",0
6.480000000000005,"(30.0, 30.0, 10.0)",0
6.520000000000005,"(30.0, 30.0, 10.0)",0
6.560000000000005,"(30.0, 30.0, 10.0)",0
6.600000000000005,"(30.0, 30.0, 10.0)",0
6.640000000000005,"(30.0, 30.0, 10.0)",0
6.680000000000005,"(30.0, 30.0, 10.0)",0
6.720000000000005,"(30.0, 30.0, 10.0)",0
6.760000000000005,"(30.0, 30.0, 10.0)",0
6.800000000000005,"(30.0, 30.0, 10.0)",0
6.840000000000005,"(30.0, 30.0, 10.0)",0
6.880000000000005,"(30.0, 30.0, 10.0)",0
6.920000000000005,"(30.0, 30.0, 10.0)",0
6.960000000000005,"(30.0, 30.0, 10.0)",0
7.000000000000005,"(30.0, 30.0, 10.0)",0
7.040000000000005,"(30.0, 30.0, 10.0)",0
7.080000000000005,"(30.0, 30.0, 10.0)",0
7.120000000000005,"(30.0, 30.0, 10.0)",0
7.1600000000000055,"(30.0, 30.0, 10.0)",0
7.2000000000000055,"(30.0, 30.0, 10.0)",0
7.2400000000000055,"(30.0, 30.0, 10.0)",0
7.280000000000006,"(30.0, 30.0, 10.0)",0
7.320000000000006,"(30.0, 30.0, 10.0)",0
7.360000000000006,"(30.0, 30.0, 10.0)",0
7.400000000000006,"(30.0, 30.0, 10.0)",0
7.440000000000006,"(30.0, 30.0, 10.0)",0
7.480000000000006,"(30.0, 30.0, 10.0)",0
7.520000000000006,"(30.0, 30.0, 10.0)",0
7.560000000000006,"(30.0, 30.0, 10.0)",0
7.600000000000006,"(30.0, 30.0, 10.0)",0
7.640000000000006,"(30.0, 30.0, 10.0)",0
7.680000000000006,"(30.0, 30.0, 10.0)",0
7.720000000000006,"(30.0, 30.0, 10.0)",0
7.760000000000006,"(30.0, 30.0, 10.0)",0
7.800000000000006,"(30.0, 30.0, 10.0)",0
7.840000000000006,"(30.0, 30.0, 10.0)",0
7.880000000000006,"(30.0, 30.0, 10.0)",0
7.920000000000006,"(30.0, 30.0, 10.0)",0
7.960000000000006,"(30.0, 30.0, 10.0)",0
8.000000000000005,"(30.0, 30.0, 10.0)",0
8.040000000000004,"(30.0, 30.0, 10.0)",0
8.080000000000004,"(30.0, 30.0, 10.0)",0
8.120000000000003,"(30.0, 30.0, 10.0)",0
8.160000000000002,"(30.0, 30.0, 10.0)",0
8.200000000000001,"(30.0, 30.0, 10.0)",0
8.24,"(30.0, 30.0, 10.0)",0
8.28,"(30.0, 30.0, 10.0)",0
8.319999999999999,"(30.0, 30.0, 10.0)",0
8.359999999999998,"(30.0, 30.0, 10.0)",0
8.399999999999997,"(30.0, 30.0, 10.0)",0
8.439999999999996,"(30.0, 30.0, 10.0)",0
8.479999999999995,"(30.0, 30.0, 10.0)",0
8.519999999999994,"(30.0, 30.0, 10.0)",0
8.559999999999993,"(30.0, 30.0, 10.0)",0
8.599999999999993,"(30.0, 30.0, 10.0)",0
8.639999999999992,"(30.0, 30.0, 10.0)",0
8.67999999999999,"(30.0, 30.0, 10.0)",0
8.71999999999999,"(30.0, 30.0, 10.0)",0
8.75999999999999,"(30.0, 30.0, 10.0)",0
8.799999999999988,"(30.0, 30.0, 10.0)",0
8.839999999999987,"(30.0, 30.0, 10.0)",0
8.879999999999987,"(30.0, 30.0, 10.0)",0
8.919999999999986,"(30.0, 30.0, 10.0)",0
8.959999999999985,"(30.0, 30.0, 10.0)",0
8.999999999999984,"(30.0, 30.0, 10.0)",0
9.039999999999983,"(30.0, 30.0, 10.0)",0
9.079999999999982,"(30.0, 30.0, 10.0)",0
9.119999999999981,"(30.0, 30.0, 10.0)",0
9.15999999999998,"(30.0, 30.0, 10.0)",0
9.19999999999998,"(30.0, 30.0, 10.0)",0
9.239999999999979,"(30.0, 30.0, 10.0)",0
9.279999999999978,"(30.0, 30.0, 10.0)",0
9.319999999999977,"(30.0, 30.0, 10.0)",0
9.359999999999976,"(30.0, 30.0, 10.0)",0
9.399999999999975,"(30.0, 30.0, 10.0)",0
9.439999999999975,"(30.0, 30.0, 10.0)",0
9.479999999999974,"(30.0, 30.0, 10.0)",0
9.519999999999973,"(30.0, 30.0, 10.0)",0
9.559999999999972,"(30.0, 30.0, 10.0)",0
9.599999999999971,"(30.0, 30.0, 10.0)",0
9.63999999999997,"(30.0, 30.0, 10.0)",0
9.67999999999997,"(30.0, 30.0, 10.0)",0
9.719999999999969,"(30.0, 30.0, 10.0)",0
9.759999999999968,"(30.0, 30.0, 10.0)",0
9.799999999999967,"(30.0, 30.0, 10.0)",0
9.839999999999966,"(30.0, 30.0, 10.0)",0
9.879999999999965,"(30.0, 30.0, 10.0)",0
9.919999999999964,"(30.0, 30.0, 10.0)",0
9.959999999999964,"(30.0, 30.0, 10.0)",0
9.999999999999963,"(30.0, 30.0, 10.0)",0
10.039999999999962,"(30.0, 30.0, 10.0)",0
10.079999999999961,"(30.0, 30.0, 10.0)",0
10.11999999999996,"(30.0, 30.0, 10.0)",0
10.15999999999996,"(30.0, 30.0, 10.0)",0
10.199999999999958,"(30.0, 30.0, 10.0)",0
10.239999999999958,"(30.0, 30.0, 10.0)",0
10.279999999999957,"(30.0, 30.0, 10.0)",0
10.319999999999956,"(30.0, 30.0, 10.0)",0
10.359999999999955,"(30.0, 30.0, 10.0)",0
10.399999999999954,"(30.0, 30.0, 10.0)",0
10.439999999999953,"(30.0, 30.0, 10.0)",0
10.479999999999952,"(30.0, 30.0, 10.0)",0
10.519999999999952,"(30.0, 30.0, 10.0)",0
10.55999999999995,"(30.0, 30.0, 10.0)",0
10.59999999999995,"(30.0, 30.0, 10.0)",0
10.639999999999949,"(30.0, 30.0, 10.0)",0
10.679999999999948,"(30.0, 30.0, 10.0)",0
10.719999999999947,"(30.0, 30.0, 10.0)",0
10.759999999999946,"(30.0, 30.0, 10.0)",0
10.799999999999946,"(30.0, 30.0, 10.0)",0
10.839999999999945,"(30.0, 30.0, 10.0)",0
10.879999999999944,"(30.0, 30.0, 10.0)",0
10.919999999999943,"(30.0, 30.0, 10.0)",0
10.959999999999942,"(30.0, 30.0, 10.0)",0
10.999999999999941,"(30.0, 30.0, 10.0)",0
11.03999999999994,"(30.0, 30.0, 10.0)",0
11.07999999999994,"(30.0, 30.0, 10.0)",0
11.119999999999939,"(30.0, 30.0, 10.0)",0
11.159999999999938,"(30.0, 30.0, 10.0)",0
11.199999999999937,"(30.0, 30.0, 10.0)",0
11.239999999999936,"(30.0, 30.0, 10.0)",0
11.279999999999935,"(30.0, 30.0, 10.0)",0
11.319999999999935,"(30.0, 30.0, 10.0)",0
11.359999999999934,"(30.0, 30.0, 10.0)",0
11.399999999999933,"(30.0, 30.0, 10.0)",0
11.439999999999932,"(30.0, 30.0, 10.0)",0
11.479999999999931,"(30.0, 30.0, 10.0)",0
11.51999999999993,"(30.0, 30.0, 10.0)",0
11.55999999999993,"(30.0, 30.0, 10.0)",0
11.599999999999929,"(30.0, 30.0, 10.0)",0
11.639999999999928,"(30.0, 30.0, 10.0)",0
11.679999999999927,"(30.0, 30.0, 10.0)",0
11.719999999999926,"(30.0, 30.0, 10.0)",0
11.759999999999925,"(30.0, 30.0, 10.0)",0
11.799999999999924,"(30.0, 30.0, 10.0)",0
11.839999999999923,"(30.0, 30.0, 10.0)",0
11.879999999999923,"(30.0, 30.0, 10.0)",0
11.919999999999922,"(30.0, 30.0, 10.0)",0
11.959999999999921,"(30.0, 30.0, 10.0)",0
11.99999999999992,"(30.0, 30.0, 10.0)",0
12.03999999999992,"(30.0, 30.0, 10.0)",0
12.079999999999918,"(30.0, 30.0, 10.0)",0
12.119999999999918,"(30.0, 30.0, 10.0)",0
12.159999999999917,"(30.0, 30.0, 10.0)",0
12.199999999999916,"(30.0, 30.0, 10.0)",0
12.239999999999915,"(30.0, 30.0, 10.0)",0
12.279999999999914,"(30.0, 30.0, 10.0)",0
12.319999999999913,"(30.0, 30.0, 10.0)",0
12.359999999999912,"(30.0, 30.0, 10.0)",0
12.399999999999912,"(30.0, 30.0, 10.0)",0
12.43999999999991,"(30.0, 30.0, 10.0)",0
12.47999999999991,"(30.0, 30.0, 10.0)",0
12.519999999999909,"(30.0, 30.0, 10.0)",0
12.559999999999908,"(30.0, 30.0, 10.0)",0
12.599999999999907,"(30.0, 30.0, 10.0)",0
12.639999999999906,"(30.0, 30.0, 10.0)",0
12.679999999999906,"(30.0, 30.0, 10.0)",0
12.719999999999905,"(30.0, 30.0, 10.0)",0
12.759999999999904,"(30.0, 30.0, 10.0)",0
12.799999999999903,"(30.0, 30.0, 10.0)",0
12.839999999999902,"(30.0, 30.0, 10.0)",0
12.879999999999901,"(30.0, 30.0, 10.0)",0
12.9199999999999,"(30.0, 30.0, 10.0)",0
12.9599999999999,"(30.0, 30.0, 10.0)",0
12.999999999999899,"(30.0, 30.0, 10.0)",0
13.039999999999898,"(30.0, 30.0, 10.0)",0
13.079999999999897,"(30.0, 30.0, 10.0)",0
13.119999999999896,"(30.0, 30.0, 10.0)",0
13.159999999999895,"(30.0, 30.0, 10.0)",0
13.199999999999894,"(30.0, 30.0, 10.0)",0
13.239999999999894,"(30.0, 30.0, 10.0)",0
13.279999999999893,"(30.0, 30.0, 10.0)",0
13.319999999999892,"(30.0, 30.0, 10.0)",0
13.359999999999891,"(30.0, 30.0, 10.0)",0
13.39999999999989,"(30.0, 30.0, 10.0)",0
13.43999999999989,"(30.0, 30.0, 10.0)",0
13.479999999999889,"(30.0, 30.0, 10.0)",0
13.519999999999888,"(30.0, 30.0, 10.0)",0
13.559999999999887,"(30.0, 30.0, 10.0)",0
13.599999999999886,"(30.0, 30.0, 10.0)",0
13.639999999999885,"(30.0, 30.0, 10.0)",0
13.679999999999884,"(30.0, 30.0, 10.0)",0
13.719999999999883,"(30.0, 30.0, 10.0)",0
13.759999999999883,"(30.0, 30.0, 10.0)",0
13.799999999999882,"(30.0, 30.0, 10.0)",0
13.83999999999988,"(30.0, 30.0, 10.0)",0
13.87999999999988,"(30.0, 30.0, 10.0)",0
13.91999999999988,"(30.0, 30.0, 10.0)",0
13.959999999999878,"(30.0, 30.0, 10.0)",0
13.999999999999877,"(30.0, 30.0, 10.0)",0
14.039999999999877,"(30.0, 30.0, 10.0)",0
14.079999999999876,"(30.0, 30.0, 10.0)",0
14.119999999999875,"(30.0, 30.0, 10.0)",0
14.159999999999874,"(30.0, 30.0, 10.0)",0
14.199999999999873,"(30.0, 30.0, 10.0)",0
14.239999999999872,"(30.0, 30.0, 10.0)",0
14.279999999999871,"(30.0, 30.0, 10.0)",0
14.31999999999987,"(30.0, 30.0, 10.0)",0
14.35999999999987,"(30.0, 30.0, 10.0)",0
14.399999999999869,"(30.0, 30.0, 10.0)",0
14.439999999999868,"(30.0, 30.0, 10.0)",0
14.479999999999867,"(30.0, 30.0, 10.0)",0
14.519999999999866,"(30.0, 30.0, 10.0)",0
14.559999999999865,"(30.0, 30.0, 10.0)",0
14.599999999999865,"(30.0, 30.0, 10.0)",0
14.639999999999864,"(30.0, 30.0, 10.0)",0
14.679999999999863,"(30.0, 30.0, 10.0)",0
14.719999999999862,"(30.0, 30.0, 10.0)",0
14.759999999999861,"(30.0, 30.0, 10.0)",0
14.79999999999986,"(30.0, 30.0, 10.0)",0
14.83999999999986,"(30.0, 30.0, 10.0)",0
14.879999999999859,"(30.0, 30.0, 10.0)",0
14.919999999999858,"(30.0, 30.0, 10.0)",0
14.959999999999857,"(30.0, 30.0, 10.0)",0
14.999999999999856,"(30.0, 30.0, 10.0)",0
15.039999999999855,"(30.0, 30.0, 10.0)",0
15.079999999999854,"(30.0, 30.0, 10.0)",0
15.119999999999854,"(30.0, 30.0, 10.0)",0
15.159999999999853,"(30.0, 30.0, 10.0)",0
15.199999999999852,"(30.0, 30.0, 10.0)",0
15.239999999999851,"(30.0, 30.0, 10.0)",0
15.27999999999985,"(30.0, 30.0, 10.0)",0
15.31999999999985,"(30.0, 30.0, 10.0)",0
15.359999999999848,"(30.0, 30.0, 10.0)",0
15.399999999999848,"(30.0, 30.0, 10.0)",0
15.439999999999847,"(30.0, 30.0, 10.0)",0
15.479999999999846,"(30.0, 30.0, 10.0)",0
15.519999999999845,"(30.0, 30.0, 10.0)",0
15.559999999999844,"(30.0, 30.0, 10.0)",0
15.599999999999843,"(30.0, 30.0, 10.0)",0
15.639999999999842,"(30.0, 30.0, 10.0)",0
15.679999999999842,"(30.0, 30.0, 10.0)",0
15.71999999999984,"(30.0, 30.0, 10.0)",0
15.75999999999984,"(30.0, 30.0, 10.0)",0
15.799999999999839,"(30.0, 30.0, 10.0)",0
15.839999999999838,"(30.0, 30.0, 10.0)",0
15.879999999999837,"(30.0, 30.0, 10.0)",0
15.919999999999837,"(30.0, 30.0, 10.0)",0
15.959999999999836,"(30.0, 30.0, 10.0)",0
15.999999999999835,"(30.0, 30.0, 10.0)",0
16.039999999999836,"(30.0, 30.0, 10.0)",0
16.079999999999835,"(30.0, 30.0, 10.0)",0
16.119999999999834,"(30.0, 30.0, 10.0)",0
16.159999999999833,"(30.0, 30.0, 10.0)",0
16.199999999999832,"(30.0, 30.0, 10.0)",0
16.23999999999983,"(30.0, 30.0, 10.0)",0
16.27999999999983,"(30.0, 30.0, 10.0)",0
16.31999999999983,"(30.0, 30.0, 10.0)",0
16.35999999999983,"(30.0, 30.0, 10.0)",0
16.399999999999828,"(30.0, 30.0, 10.0)",0
16.439999999999827,"(30.0, 30.0, 10.0)",0
16.479999999999826,"(30.0, 30.0, 10.0)",0
16.519999999999825,"(30.0, 30.0, 10.0)",0
16.559999999999825,"(30.0, 30.0, 10.0)",0
16.599999999999824,"(30.0, 30.0, 10.0)",0
16.639999999999823,"(30.0, 30.0, 10.0)",0
16.679999999999822,"(30.0, 30.0, 10.0)",0
16.71999999999982,"(30.0, 30.0, 10.0)",0
16.75999999999982,"(30.0, 30.0, 10.0)",0
16.79999999999982,"(30.0, 30.0, 10.0)",0
16.83999999999982,"(30.0, 30.0, 10.0)",0
16.879999999999818,"(30.0, 30.0, 10.0)",0
16.919999999999817,"(30.0, 30.0, 10.0)",0
16.959999999999816,"(30.0, 30.0, 10.0)",0
16.999999999999815,"(30.0, 30.0, 10.0)",0
17.039999999999814,"(30.0, 30.0, 10.0)",0
17.079999999999814,"(30.0, 30.0, 10.0)",0
17.119999999999813,"(30.0, 30.0, 10.0)",0
17.159999999999812,"(30.0, 30.0, 10.0)",0
17.19999999999981,"(30.0, 30.0, 10.0)",0
17.23999999999981,"(30.0, 30.0, 10.0)",0
17.27999999999981,"(30.0, 30.0, 10.0)",0
17.31999999999981,"(30.0, 30.0, 10.0)",0
17.359999999999808,"(30.0, 30.0, 10.0)",0
17.399999999999807,"(30.0, 30.0, 10.0)",0
17.439999999999806,"(30.0, 30.0, 10.0)",0
17.479999999999805,"(30.0, 30.0, 10.0)",0
17.519999999999804,"(30.0, 30.0, 10.0)",0
17.559999999999803,"(30.0, 30.0, 10.0)",0
17.599999999999802,"(30.0, 30.0, 10.0)",0
17.6399999999998,"(30.0, 30.0, 10.0)",0
17.6799999999998,"(30.0, 30.0, 10.0)",0
17.7199999999998,"(30.0, 30.0, 10.0)",0
17.7599999999998,"(30.0, 30.0, 10.0)",0
17.799999999999798,"(30.0, 30.0, 10.0)",0
17.839999999999797,"(30.0, 30.0, 10.0)",0
17.879999999999797,"(30.0, 30.0, 10.0)",0
17.919999999999796,"(30.0, 30.0, 10.0)",0
17.959999999999795,"(30.0, 30.0, 10.0)",0
17.999999999999794,"(30.0, 30.0, 10.0)",0
18.039999999999793,"(30.0, 30.0, 10.0)",0
18.079999999999792,"(30.0, 30.0, 10.0)",0
18.11999999999979,"(30.0, 30.0, 10.0)",0
18.15999999999979,"(30.0, 30.0, 10.0)",0
18.19999999999979,"(30.0, 30.0, 10.0)",0
18.23999999999979,"(30.0, 30.0, 10.0)",0
18.279999999999788,"(30.0, 30.0, 10.0)",0
18.319999999999787,"(30.0, 30.0, 10.0)",0
18.359999999999786,"(30.0, 30.0, 10.0)",0
18.399999999999785,"(30.0, 30.0, 10.0)",0
18.439999999999785,"(30.0, 30.0, 10.0)",0
18.479999999999784,"(30.0, 30.0, 10.0)",0
18.519999999999783,"(30.0, 30.0, 10.0)",0
18.559999999999782,"(30.0, 30.0, 10.0)",0
18.59999999999978,"(30.0, 30.0, 10.0)",0
18.63999999999978,"(30.0, 30.0, 10.0)",0
18.67999999999978,"(30.0, 30.0, 10.0)",0
18.71999999999978,"(30.0, 30.0, 10.0)",0
18.759999999999778,"(30.0, 30.0, 10.0)",0
18.799999999999777,"(30.0, 30.0, 10.0)",0
18.839999999999776,"(30.0, 30.0, 10.0)",0
18.879999999999775,"(30.0, 30.0, 10.0)",0
18.919999999999774,"(30.0, 30.0, 10.0)",0
18.959999999999773,"(30.0, 30.0, 10.0)",0
18.999999999999773,"(30.0, 30.0, 10.0)",0
19.03999999999977,"(30.0, 30.0, 10.0)",0
19.07999999999977,"(30.0, 30.0, 10.0)",0
19.11999999999977,"(30.0, 30.0, 10.0)",0
19.15999999999977,"(30.0, 30.0, 10.0)",0
19.19999999999977,"(30.0, 30.0, 10.0)",0
19.239999999999768,"(30.0, 30.0, 10.0)",0
19.279999999999767,"(30.0, 30.0, 10.0)",0
19.319999999999766,"(30.0, 30.0, 10.0)",0
19.359999999999765,"(30.0, 30.0, 10.0)",0
19.399999999999764,"(30.0, 30.0, 10.0)",0
19.439999999999763,"(30.0, 30.0, 10.0)",0
19.479999999999762,"(30.0, 30.0, 10.0)",0
19.51999999999976,"(30.0, 30.0, 10.0)",0
19.55999999999976,"(30.0, 30.0, 10.0)",0
19.59999999999976,"(30.0, 30.0, 10.0)",0
19.63999999999976,"(30.0, 30.0, 10.0)",0
19.679999999999758,"(30.0, 30.0, 10.0)",0
19.719999999999757,"(30.0, 30.0, 10.0)",0
19.759999999999756,"(30.0, 30.0, 10.0)",0
19.799999999999756,"(30.0, 30.0, 10.0)",0
19.839999999999755,"(30.0, 30.0, 10.0)",0
19.879999999999754,"(30.0, 30.0, 10.0)",0
19.919999999999753,"(30.0, 30.0, 10.0)",0
19.959999999999752,"(30.0, 30.0, 10.0)",0
19.99999999999975,"(30.0, 30.0, 10.0)",0
20.03999999999975,"(30.0, 30.0, 10.0)",0
20.07999999999975,"(30.0, 30.0, 10.0)",0
20.11999999999975,"(30.0, 30.0, 10.0)",0
20.159999999999748,"(30.0, 30.0, 10.0)",0
20.199999999999747,"(30.0, 30.0, 10.0)",0
20.239999999999746,"(30.0, 30.0, 10.0)",0
20.279999999999745,"(30.0, 30.0, 10.0)",0
20.319999999999744,"(30.0, 30.0, 10.0)",0
20.359999999999744,"(30.0, 30.0, 10.0)",0
20.399999999999743,"(30.0, 30.0, 10.0)",0
20.439999999999742,"(30.0, 30.0, 10.0)",0
20.47999999999974,"(30.0, 30.0, 10.0)",0
20.51999999999974,"(30.0, 30.0, 10.0)",0
20.55999999999974,"(30.0, 30.0, 10.0)",0
20.59999999999974,"(30.0, 30.0, 10.0)",0
20.639999999999738,"(30.0, 30.0, 10.0)",0
20.679999999999737,"(30.0, 30.0, 10.0)",0
20.719999999999736,"(30.0, 30.0, 10.0)",0
20.759999999999735,"(30.0, 30.0, 10.0)",0
20.799999999999734,"(30.0, 30.0, 10.0)",0
20.839999999999733,"(30.0, 30.0, 10.0)",0
20.879999999999733,"(30.0, 30.0, 10.0)",0
20.91999999999973,"(30.0, 30.0, 10.0)",0
20.95999999999973,"(30.0, 30.0, 10.0)",0
20.99999999999973,"(30.0, 30.0, 10.0)",0
21.03999999999973,"(30.0, 30.0, 10.0)",0
21.07999999999973,"(30.0, 30.0, 10.0)",0
21.119999999999727,"(30.0, 30.0, 10.0)",0
21.159999999999727,"(30.0, 30.0, 10.0)",0
21.199999999999726,"(30.0, 30.0, 10.0)",0
21.239999999999725,"(30.0, 30.0, 10.0)",0
21.279999999999724,"(30.0, 30.0, 10.0)",0
21.319999999999723,"(30.0, 30.0, 10.0)",0
21.359999999999722,"(30.0, 30.0, 10.0)",0
21.39999999999972,"(30.0, 30.0, 10.0)",0
21.43999999999972,"(30.0, 30.0, 10.0)",0
21.47999999999972,"(30.0, 30.0, 10.0)",0
21.51999999999972,"(30.0, 30.0, 10.0)",0
21.559999999999718,"(30.0, 30.0, 10.0)",0
21.599999999999717,"(30.0, 30.0, 10.0)",0
21.639999999999716,"(30.0, 30.0, 10.0)",0
21.679999999999715,"(30.0, 30.0, 10.0)",0
21.719999999999715,"(30.0, 30.0, 10.0)",0
21.759999999999714,"(30.0, 30.0, 10.0)",0
21.799999999999713,"(30.0, 30.0, 10.0)",0
21.839999999999712,"(30.0, 30.0, 10.0)",0
21.87999999999971,"(30.0, 30.0, 10.0)",0
21.91999999999971,"(30.0, 30.0, 10.0)",0
21.95999999999971,"(30.0, 30.0, 10.0)",0
21.99999999999971,"(30.0, 30.0, 10.0)",0
22.039999999999708,"(30.0, 30.0, 10.0)",0
22.079999999999707,"(30.0, 30.0, 10.0)",0
22.119999999999706,"(30.0, 30.0, 10.0)",0
22.159999999999705,"(30.0, 30.0, 10.0)",0
22.199999999999704,"(30.0, 30.0, 10.0)",0
22.239999999999704,"(30.0, 30.0, 10.0)",0
22.279999999999703,"(30.0, 30.0, 10.0)",0
22.319999999999702,"(30.0, 30.0, 10.0)",0
22.3599999999997,"(30.0, 30.0, 10.0)",0
22.3999999999997,"(30.0, 30.0, 10.0)",0
22.4399999999997,"(30.0, 30.0, 10.0)",0
22.4799999999997,"(30.0, 30.0, 10.0)",0
22.519999999999698,"(30.0, 30.0, 10.0)",0
22.559999999999697,"(30.0, 30.0, 10.0)",0
22.599999999999696,"(30.0, 30.0, 10.0)",0
22.639999999999695,"(30.0, 30.0, 10.0)",0
22.679999999999694,"(30.0, 30.0, 10.0)",0
22.719999999999693,"(30.0, 30.0, 10.0)",0
22.759999999999692,"(30.0, 30.0, 10.0)",0
22.79999999999969,"(30.0, 30.0, 10.0)",0
22.83999999999969,"(30.0, 30.0, 10.0)",0
22.87999999999969,"(30.0, 30.0, 10.0)",0
22.91999999999969,"(30.0, 30.0, 10.0)",0
22.959999999999688,"(30.0, 30.0, 10.0)",0
22.999999999999687,"(30.0, 30.0, 10.0)",0
23.039999999999687,"(30.0, 30.0, 10.0)",0
23.079999999999686,"(30.0, 30.0, 10.0)",0
23.119999999999685,"(30.0, 30.0, 10.0)",0
23.159999999999684,"(30.0, 30.0, 10.0)",0
23.199999999999683,"(30.0, 30.0, 10.0)",0
23.239999999999682,"(30.0, 30.0, 10.0)",0
23.27999999999968,"(30.0, 30.0, 10.0)",0
23.31999999999968,"(30.0, 30.0, 10.0)",0
23.35999999999968,"(30.0, 30.0, 10.0)",0
23.39999999999968,"(30.0, 30.0, 10.0)",0
23.439999999999678,"(30.0, 30.0, 10.0)",0
23.479999999999677,"(30.0, 30.0, 10.0)",0
23.519999999999676,"(30.0, 30.0, 10.0)",0
23.559999999999675,"(30.0, 30.0, 10.0)",0
23.599999999999675,"(30.0, 30.0, 10.0)",0
23.639999999999674,"(30.0, 30.0, 10.0)",0
23.679999999999673,"(30.0, 30.0, 10.0)",0
23.719999999999672,"(30.0, 30.0, 10.0)",0
23.75999999999967,"(30.0, 30.0, 10.0)",0
23.79999999999967,"(30.0, 30.0, 10.0)",0
23.83999999999967,"(30.0, 30.0, 10.0)",0
23.87999999999967,"(30.0, 30.0, 10.0)",0
23.919999999999668,"(30.0, 30.0, 10.0)",0
23.959999999999667,"(30.0, 30.0, 10.0)",0
23.999999999999666,"(30.0, 30.0, 10.0)",0
24.039999999999665,"(30.0, 30.0, 10.0)",0
24.079999999999664,"(30.0, 30.0, 10.0)",0
24.119999999999663,"(30.0, 30.0, 10.0)",0
24.159999999999663,"(30.0, 30.0, 10.0)",0
24.199999999999662,"(30.0, 30.0, 10.0)",0
24.23999999999966,"(30.0, 30.0, 10.0)",0
24.27999999999966,"(30.0, 30.0, 10.0)",0
24.31999999999966,"(30.0, 30.0, 10.0)",0
24.35999999999966,"(30.0, 30.0, 10.0)",0
24.399999999999658,"(30.0, 30.0, 10.0)",0
24.439999999999657,"(30.0, 30.0, 10.0)",0
24.479999999999656,"(30.0, 30.0, 10.0)",0
24.519999999999655,"(30.0, 30.0, 10.0)",0
24.559999999999654,"(30.0, 30.0, 10.0)",0
24.599999999999653,"(30.0, 30.0, 10.0)",0
24.639999999999652,"(30.0, 30.0, 10.0)",0
24.67999999999965,"(30.0, 30.0, 10.0)",0
24.71999999999965,"(30.0, 30.0, 10.0)",0
24.75999999999965,"(30.0, 30.0, 10.0)",0
24.79999999999965,"(30.0, 30.0, 10.0)",0
24.839999999999648,"(30.0, 30.0, 10.0)",0
24.879999999999647,"(30.0, 30.0, 10.0)",0
24.919999999999646,"(30.0, 30.0, 10.0)",0
24.959999999999646,"(30.0, 30.0, 10.0)",0
24.999999999999645,"(30.0, 30.0, 10.0)",0
25.039999999999644,"(30.0, 30.0, 10.0)",0
25.079999999999643,"(30.0, 30.0, 10.0)",0
25.119999999999642,"(30.0, 30.0, 10.0)",0
25.15999999999964,"(30.0, 30.0, 10.0)",0
25.19999999999964,"(30.0, 30.0, 10.0)",0
25.23999999999964,"(30.0, 30.0, 10.0)",0
25.27999999999964,"(30.0, 30.0, 10.0)",0
25.319999999999638,"(30.0, 30.0, 10.0)",0
25.359999999999637,"(30.0, 30.0, 10.0)",0
25.399999999999636,"(30.0, 30.0, 10.0)",0
25.439999999999635,"(30.0, 30.0, 10.0)",0
25.479999999999634,"(30.0, 30.0, 10.0)",0
25.519999999999634,"(30.0, 30.0, 10.0)",0
25.559999999999633,"(30.0, 30.0, 10.0)",0
25.599999999999632,"(30.0, 30.0, 10.0)",0
25.63999999999963,"(30.0, 30.0, 10.0)",0
25.67999999999963,"(30.0, 30.0, 10.0)",0
25.71999999999963,"(30.0, 30.0, 10.0)",0
25.75999999999963,"(30.0, 30.0, 10.0)",0
25.799999999999628,"(30.0, 30.0, 10.0)",0
25.839999999999627,"(30.0, 30.0, 10.0)",0
25.879999999999626,"(30.0, 30.0, 10.0)",0
25.919999999999625,"(30.0, 30.0, 10.0)",0
25.959999999999624,"(30.0, 30.0, 10.0)",0
25.999999999999623,"(30.0, 30.0, 10.0)",0
26.039999999999623,"(30.0, 30.0, 10.0)",0
26.07999999999962,"(30.0, 30.0, 10.0)",0
26.11999999999962,"(30.0, 30.0, 10.0)",0
26.15999999999962,"(30.0, 30.0, 10.0)",0
26.19999999999962,"(30.0, 30.0, 10.0)",0
26.23999999999962,"(30.0, 30.0, 10.0)",0
26.279999999999617,"(30.0, 30.0, 10.0)",0
26.319999999999617,"(30.0, 30.0, 10.0)",0
26.359999999999616,"(30.0, 30.0, 10.0)",0
26.399999999999615,"(30.0, 30.0, 10.0)",0
26.439999999999614,"(30.0, 30.0, 10.0)",0
26.479999999999613,"(30.0, 30.0, 10.0)",0
26.519999999999612,"(30.0, 30.0, 10.0)",0
26.55999999999961,"(30.0, 30.0, 10.0)",0
26.59999999999961,"(30.0, 30.0, 10.0)",0
26.63999999999961,"(30.0, 30.0, 10.0)",0
26.67999999999961,"(30.0, 30.0, 10.0)",0
26.719999999999608,"(30.0, 30.0, 10.0)",0
26.759999999999607,"(30.0, 30.0, 10.0)",0
26.799999999999606,"(30.0, 30.0, 10.0)",0
26.839999999999606,"(30.0, 30.0, 10.0)",0
26.879999999999605,"(30.0, 30.0, 10.0)",0
26.919999999999604,"(30.0, 30.0, 10.0)",0
26.959999999999603,"(30.0, 30.0, 10.0)",0
26.999999999999602,"(30.0, 30.0, 10.0)",0
27.0399999999996,"(30.0, 30.0, 10.0)",0
27.0799999999996,"(30.0, 30.0, 10.0)",0
27.1199999999996,"(30.0, 30.0, 10.0)",0
27.1599999999996,"(30.0, 30.0, 10.0)",0
27.199999999999598,"(30.0, 30.0, 10.0)",0
27.239999999999597,"(30.0, 30.0, 10.0)",0
27.279999999999596,"(30.0, 30.0, 10.0)",0
27.319999999999595,"(30.0, 30.0, 10.0)",0
27.359999999999594,"(30.0, 30.0, 10.0)",0
27.399999999999594,"(30.0, 30.0, 10.0)",0
27.439999999999593,"(30.0, 30.0, 10.0)",0
27.479999999999592,"(30.0, 30.0, 10.0)",0
27.51999999999959,"(30.0, 30.0, 10.0)",0
27.55999999999959,"(30.0, 30.0, 10.0)",0
27.59999999999959,"(30.0, 30.0, 10.0)",0
27.63999999999959,"(30.0, 30.0, 10.0)",0
27.679999999999588,"(30.0, 30.0, 10.0)",0
27.719999999999587,"(30.0, 30.0, 10.0)",0
27.759999999999586,"(30.0, 30.0, 10.0)",0
27.799999999999585,"(30.0, 30.0, 10.0)",0
27.839999999999584,"(30.0, 30.0, 10.0)",0
27.879999999999583,"(30.0, 30.0, 10.0)",0
27.919999999999582,"(30.0, 30.0, 10.0)",0
27.95999999999958,"(30.0, 30.0, 10.0)",0
27.99999999999958,"(30.0, 30.0, 10.0)",0
28.03999999999958,"(30.0, 30.0, 10.0)",0
28.07999999999958,"(30.0, 30.0, 10.0)",0
28.119999999999578,"(30.0, 30.0, 10.0)",0
28.159999999999577,"(30.0, 30.0, 10.0)",0
28.199999999999577,"(30.0, 30.0, 10.0)",0
28.239999999999576,"(30.0, 30.0, 10.0)",0
28.279999999999575,"(30.0, 30.0, 10.0)",0
28.319999999999574,"(30.0, 30.0, 10.0)",0
28.359999999999573,"(30.0, 30.0, 10.0)",0
28.399999999999572,"(30.0, 30.0, 10.0)",0
28.43999999999957,"(30.0, 30.0, 10.0)",0
28.47999999999957,"(30.0, 30.0, 10.0)",0
28.51999999999957,"(30.0, 30.0, 10.0)",0
28.55999999999957,"(30.0, 30.0, 10.0)",0
28.599999999999568,"(30.0, 30.0, 10.0)",0
28.639999999999567,"(30.0, 30.0, 10.0)",0
28.679999999999566,"(30.0, 30.0, 10.0)",0
28.719999999999565,"(30.0, 30.0, 10.0)",0
28.759999999999565,"(30.0, 30.0, 10.0)",0
28.799999999999564,"(30.0, 30.0, 10.0)",0
28.839999999999563,"(30.0, 30.0, 10.0)",0
28.879999999999562,"(30.0, 30.0, 10.0)",0
28.91999999999956,"(30.0, 30.0, 10.0)",0
28.95999999999956,"(30.0, 30.0, 10.0)",0
28.99999999999956,"(30.0, 30.0, 10.0)",0
29.03999999999956,"(30.0, 30.0, 10.0)",0
29.079999999999558,"(30.0, 30.0, 10.0)",0
29.119999999999557,"(30.0, 30.0, 10.0)",0
29.159999999999556,"(30.0, 30.0, 10.0)",0
29.199999999999555,"(30.0, 30.0, 10.0)",0
29.239999999999554,"(30.0, 30.0, 10.0)",0
29.279999999999553,"(30.0, 30.0, 10.0)",0
29.319999999999553,"(30.0, 30.0, 10.0)",0
29.359999999999552,"(30.0, 30.0, 10.0)",0
29.39999999999955,"(30.0, 30.0, 10.0)",0
29.43999999999955,"(30.0, 30.0, 10.0)",0
29.47999999999955,"(30.0, 30.0, 10.0)",0
29.51999999999955,"(30.0, 30.0, 10.0)",0
29.559999999999548,"(30.0, 30.0, 10.0)",0
29.599999999999547,"(30.0, 30.0, 10.0)",0
29.639999999999546,"(30.0, 30.0, 10.0)",0
29.679999999999545,"(30.0, 30.0, 10.0)",0
29.719999999999544,"(30.0, 30.0, 10.0)",0
29.759999999999543,"(30.0, 30.0, 10.0)",0
29.799999999999542,"(30.0, 30.0, 10.0)",0
29.83999999999954,"(30.0, 30.0, 10.0)",0
29.87999999999954,"(30.0, 30.0, 10.0)",0
29.91999999999954,"(30.0, 30.0, 10.0)",0
29.95999999999954,"(30.0, 30.0, 10.0)",0
29.999999999999538,"(30.0, 30.0, 10.0)",0
30.039999999999537,"(30.0, 30.0, 10.0)",0
30.079999999999536,"(30.0, 30.0, 10.0)",0
30.119999999999536,"(30.0, 30.0, 10.0)",0
30.159999999999535,"(30.0, 30.0, 10.0)",0
30.199999999999534,"(30.0, 30.0, 10.0)",0
30.239999999999533,"(30.0, 30.0, 10.0)",0
30.279999999999532,"(30.0, 30.0, 10.0)",0
30.31999999999953,"(30.0, 30.0, 10.0)",0
30.35999999999953,"(30.0, 30.0, 10.0)",0
30.39999999999953,"(30.0, 30.0, 10.0)",0
30.43999999999953,"(30.0, 30.0, 10.0)",0
30.479999999999528,"(30.0, 30.0, 10.0)",0
30.519999999999527,"(30.0, 30.0, 10.0)",0
30.559999999999526,"(30.0, 30.0, 10.0)",0
30.599999999999525,"(30.0, 30.0, 10.0)",0
30.639999999999525,"(30.0, 30.0, 10.0)",0
30.679999999999524,"(30.0, 30.0, 10.0)",0
30.719999999999523,"(30.0, 30.0, 10.0)",0
30.759999999999522,"(30.0, 30.0, 10.0)",0
30.79999999999952,"(30.0, 30.0, 10.0)",0
30.83999999999952,"(30.0, 30.0, 10.0)",0
30.87999999999952,"(30.0, 30.0, 10.0)",0
30.91999999999952,"(30.0, 30.0, 10.0)",0
30.959999999999518,"(30.0, 30.0, 10.0)",0
30.999999999999517,"(30.0, 30.0, 10.0)",0
31.039999999999516,"(30.0, 30.0, 10.0)",0
31.079999999999515,"(30.0, 30.0, 10.0)",0
31.119999999999514,"(30.0, 30.0, 10.0)",0
31.159999999999513,"(30.0, 30.0, 10.0)",0
31.199999999999513,"(30.0, 30.0, 10.0)",0
31.23999999999951,"(30.0, 30.0, 10.0)",0
31.27999999999951,"(30.0, 30.0, 10.0)",0
31.31999999999951,"(30.0, 30.0, 10.0)",0
31.35999999999951,"(30.0, 30.0, 10.0)",0
31.39999999999951,"(30.0, 30.0, 10.0)",0
31.439999999999507,"(30.0, 30.0, 10.0)",0
31.479999999999507,"(30.0, 30.0, 10.0)",0
31.519999999999506,"(30.0, 30.0, 10.0)",0
31.559999999999505,"(30.0, 30.0, 10.0)",0
31.599999999999504,"(30.0, 30.0, 10.0)",0
31.639999999999503,"(30.0, 30.0, 10.0)",0
31.679999999999502,"(30.0, 30.0, 10.0)",0
31.7199999999995,"(30.0, 30.0, 10.0)",0
31.7599999999995,"(30.0, 30.0, 10.0)",0
31.7999999999995,"(30.0, 30.0, 10.0)",0
31.8399999999995,"(30.0, 30.0, 10.0)",0
31.879999999999498,"(30.0, 30.0, 10.0)",0
31.919999999999497,"(30.0, 30.0, 10.0)",0
31.959999999999496,"(30.0, 30.0, 10.0)",0
31.999999999999496,"(30.0, 30.0, 10.0)",0
32.039999999999495,"(30.0, 30.0, 10.0)",0
32.079999999999494,"(30.0, 30.0, 10.0)",0
32.11999999999949,"(30.0, 30.0, 10.0)",0
32.15999999999949,"(30.0, 30.0, 10.0)",0
32.19999999999949,"(30.0, 30.0, 10.0)",0
32.23999999999949,"(30.0, 30.0, 10.0)",0
32.27999999999949,"(30.0, 30.0, 10.0)",0
32.31999999999949,"(30.0, 30.0, 10.0)",0
32.35999999999949,"(30.0, 30.0, 10.0)",0
32.39999999999949,"(30.0, 30.0, 10.0)",0
32.439999999999486,"(30.0, 30.0, 10.0)",0
32.479999999999485,"(30.0, 30.0, 10.0)",0
32.519999999999484,"(30.0, 30.0, 10.0)",0
32.559999999999484,"(30.0, 30.0, 10.0)",0
32.59999999999948,"(30.0, 30.0, 10.0)",0
32.63999999999948,"(30.0, 30.0, 10.0)",0
32.67999999999948,"(30.0, 30.0, 10.0)",0
32.71999999999948,"(30.0, 30.0, 10.0)",0
32.75999999999948,"(30.0, 30.0, 10.0)",0
32.79999999999948,"(30.0, 30.0, 10.0)",0
32.83999999999948,"(30.0, 30.0, 10.0)",0
32.87999999999948,"(30.0, 30.0, 10.0)",0
32.919999999999476,"(30.0, 30.0, 10.0)",0
32.959999999999475,"(30.0, 30.0, 10.0)",0
32.999999999999474,"(30.0, 30.0, 10.0)",0
33.03999999999947,"(30.0, 30.0, 10.0)",0
33.07999999999947,"(30.0, 30.0, 10.0)",0
33.11999999999947,"(30.0, 30.0, 10.0)",0
33.15999999999947,"(30.0, 30.0, 10.0)",0
33.19999999999947,"(30.0, 30.0, 10.0)",0
33.23999999999947,"(30.0, 30.0, 10.0)",0
33.27999999999947,"(30.0, 30.0, 10.0)",0
33.31999999999947,"(30.0, 30.0, 10.0)",0
33.35999999999947,"(30.0, 30.0, 10.0)",0
33.399999999999466,"(30.0, 30.0, 10.0)",0
33.439999999999465,"(30.0, 30.0, 10.0)",0
33.479999999999464,"(30.0, 30.0, 10.0)",0
33.51999999999946,"(30.0, 30.0, 10.0)",0
33.55999999999946,"(30.0, 30.0, 10.0)",0
33.59999999999946,"(30.0, 30.0, 10.0)",0
33.63999999999946,"(30.0, 30.0, 10.0)",0
33.67999999999946,"(30.0, 30.0, 10.0)",0
33.71999999999946,"(30.0, 30.0, 10.0)",0
33.75999999999946,"(30.0, 30.0, 10.0)",0
33.79999999999946,"(30.0, 30.0, 10.0)",0
33.839999999999456,"(30.0, 30.0, 10.0)",0
33.879999999999455,"(30.0, 30.0, 10.0)",0
33.919999999999455,"(30.0, 30.0, 10.0)",0
33.959999999999454,"(30.0, 30.0, 10.0)",0
33.99999999999945,"(30.0, 30.0, 10.0)",0
34.03999999999945,"(30.0, 30.0, 10.0)",0
34.07999999999945,"(30.0, 30.0, 10.0)",0
34.11999999999945,"(30.0, 30.0, 10.0)",0
34.15999999999945,"(30.0, 30.0, 10.0)",0
34.19999999999945,"(30.0, 30.0, 10.0)",0
34.23999999999945,"(30.0, 30.0, 10.0)",0
34.27999999999945,"(30.0, 30.0, 10.0)",0
34.319999999999446,"(30.0, 30.0, 10.0)",0
34.359999999999445,"(30.0, 30.0, 10.0)",0
34.399999999999444,"(30.0, 30.0, 10.0)",0
34.43999999999944,"(30.0, 30.0, 10.0)",0
34.47999999999944,"(30.0, 30.0, 10.0)",0
34.51999999999944,"(30.0, 30.0, 10.0)",0
34.55999999999944,"(30.0, 30.0, 10.0)",0
34.59999999999944,"(30.0, 30.0, 10.0)",0
34.63999999999944,"(30.0, 30.0, 10.0)",0
34.67999999999944,"(30.0, 30.0, 10.0)",0
34.71999999999944,"(30.0, 30.0, 10.0)",0
34.75999999999944,"(30.0, 30.0, 10.0)",0
34.799999999999436,"(30.0, 30.0, 10.0)",0
34.839999999999435,"(30.0, 30.0, 10.0)",0
34.879999999999434,"(30.0, 30.0, 10.0)",0
34.91999999999943,"(30.0, 30.0, 10.0)",0
34.95999999999943,"(30.0, 30.0, 10.0)",0
34.99999999999943,"(30.0, 30.0, 10.0)",0
35.03999999999943,"(30.0, 30.0, 10.0)",0
35.07999999999943,"(30.0, 30.0, 10.0)",0
35.11999999999943,"(30.0, 30.0, 10.0)",0
35.15999999999943,"(30.0, 30.0, 10.0)",0
35.19999999999943,"(30.0, 30.0, 10.0)",0
35.23999999999943,"(30.0, 30.0, 10.0)",0
35.279999999999426,"(30.0, 30.0, 10.0)",0
35.319999999999425,"(30.0, 30.0, 10.0)",0
35.359999999999424,"(30.0, 30.0, 10.0)",0
35.39999999999942,"(30.0, 30.0, 10.0)",0
35.43999999999942,"(30.0, 30.0, 10.0)",0
35.47999999999942,"(30.0, 30.0, 10.0)",0
35.51999999999942,"(30.0, 30.0, 10.0)",0
35.55999999999942,"(30.0, 30.0, 10.0)",0
35.59999999999942,"(30.0, 30.0, 10.0)",0
35.63999999999942,"(30.0, 30.0, 10.0)",0
35.67999999999942,"(30.0, 30.0, 10.0)",0
35.719999999999416,"(30.0, 30.0, 10.0)",0
35.759999999999415,"(30.0, 30.0, 10.0)",0
35.799999999999415,"(30.0, 30.0, 10.0)",0
35.839999999999414,"(30.0, 30.0, 10.0)",0
35.87999999999941,"(30.0, 30.0, 10.0)",0
35.91999999999941,"(30.0, 30.0, 10.0)",0
35.95999999999941,"(30.0, 30.0, 10.0)",0
35.99999999999941,"(30.0, 30.0, 10.0)",0
36.03999999999941,"(30.0, 30.0, 10.0)",0
36.07999999999941,"(30.0, 30.0, 10.0)",0
36.11999999999941,"(30.0, 30.0, 10.0)",0
36.15999999999941,"(30.0, 30.0, 10.0)",0
36.199999999999406,"(30.0, 30.0, 10.0)",0
36.239999999999405,"(30.0, 30.0, 10.0)",0
36.279999999999404,"(30.0, 30.0, 10.0)",0
36.3199999999994,"(30.0, 30.0, 10.0)",0
36.3599999999994,"(30.0, 30.0, 10.0)",0
36.3999999999994,"(30.0, 30.0, 10.0)",0
36.4399999999994,"(30.0, 30.0, 10.0)",0
36.4799999999994,"(30.0, 30.0, 10.0)",0
36.5199999999994,"(30.0, 30.0, 10.0)",0
36.5599999999994,"(30.0, 30.0, 10.0)",0
36.5999999999994,"(30.0, 30.0, 10.0)",0
36.6399999999994,"(30.0, 30.0, 10.0)",0
36.679999999999396,"(30.0, 30.0, 10.0)",0
36.719999999999395,"(30.0, 30.0, 10.0)",0
36.759999999999394,"(30.0, 30.0, 10.0)",0
36.79999999999939,"(30.0, 30.0, 10.0)",0
36.83999999999939,"(30.0, 30.0, 10.0)",0
36.87999999999939,"(30.0, 30.0, 10.0)",0
36.91999999999939,"(30.0, 30.0, 10.0)",0
36.95999999999939,"(30.0, 30.0, 10.0)",0
36.99999999999939,"(30.0, 30.0, 10.0)",0
37.03999999999939,"(30.0, 30.0, 10.0)",0
37.07999999999939,"(30.0, 30.0, 10.0)",0
37.119999999999386,"(30.0, 30.0, 10.0)",0
37.159999999999386,"(30.0, 30.0, 10.0)",0
37.199999999999385,"(30.0, 30.0, 10.0)",0
37.239999999999384,"(30.0, 30.0, 10.0)",0
37.27999999999938,"(30.0, 30.0, 10.0)",0
37.31999999999938,"(30.0, 30.0, 10.0)",0
37.35999999999938,"(30.0, 30.0, 10.0)",0
37.39999999999938,"(30.0, 30.0, 10.0)",0
37.43999999999938,"(30.0, 30.0, 10.0)",0
37.47999999999938,"(30.0, 30.0, 10.0)",0
37.51999999999938,"(30.0, 30.0, 10.0)",0
37.55999999999938,"(30.0, 30.0, 10.0)",0
37.599999999999376,"(30.0, 30.0, 10.0)",0
37.639999999999375,"(30.0, 30.0, 10.0)",0
37.679999999999374,"(30.0, 30.0, 10.0)",0
37.719999999999374,"(30.0, 30.0, 10.0)",0
37.75999999999937,"(30.0, 30.0, 10.0)",0
37.79999999999937,"(30.0, 30.0, 10.0)",0
37.83999999999937,"(30.0, 30.0, 10.0)",0
37.87999999999937,"(30.0, 30.0, 10.0)",0
37.91999999999937,"(30.0, 30.0, 10.0)",0
37.95999999999937,"(30.0, 30.0, 10.0)",0
37.99999999999937,"(30.0, 30.0, 10.0)",0
38.03999999999937,"(30.0, 30.0, 10.0)",0
38.079999999999366,"(30.0, 30.0, 10.0)",0
38.119999999999365,"(30.0, 30.0, 10.0)",0
38.159999999999364,"(30.0, 30.0, 10.0)",0
38.19999999999936,"(30.0, 30.0, 10.0)",0
38.23999999999936,"(30.0, 30.0, 10.0)",0
38.27999999999936,"(30.0, 30.0, 10.0)",0
38.31999999999936,"(30.0, 30.0, 10.0)",0
38.35999999999936,"(30.0, 30.0, 10.0)",0
38.39999999999936,"(30.0, 30.0, 10.0)",0
38.43999999999936,"(30.0, 30.0, 10.0)",0
38.47999999999936,"(30.0, 30.0, 10.0)",0
38.51999999999936,"(30.0, 30.0, 10.0)",0
38.559999999999356,"(30.0, 30.0, 10.0)",0
38.599999999999355,"(30.0, 30.0, 10.0)",0
38.639999999999354,"(30.0, 30.0, 10.0)",0
38.67999999999935,"(30.0, 30.0, 10.0)",0
38.71999999999935,"(30.0, 30.0, 10.0)",0
38.75999999999935,"(30.0, 30.0, 10.0)",0
38.79999999999935,"(30.0, 30.0, 10.0)",0
38.83999999999935,"(30.0, 30.0, 10.0)",0
38.87999999999935,"(30.0, 30.0, 10.0)",0
38.91999999999935,"(30.0, 30.0, 10.0)",0
38.95999999999935,"(30.0, 30.0, 10.0)",0
38.999999999999346,"(30.0, 30.0, 10.0)",0
39.039999999999345,"(30.0, 30.0, 10.0)",0
39.079999999999345,"(30.0, 30.0, 10.0)",0
39.119999999999344,"(30.0, 30.0, 10.0)",0
39.15999999999934,"(30.0, 30.0, 10.0)",0
39.19999999999934,"(30.0, 30.0, 10.0)",0
39.23999999999934,"(30.0, 30.0, 10.0)",0
39.27999999999934,"(30.0, 30.0, 10.0)",0
39.31999999999934,"(30.0, 30.0, 10.0)",0
39.35999999999934,"(30.0, 30.0, 10.0)",0
39.39999999999934,"(30.0, 30.0, 10.0)",0
39.43999999999934,"(30.0, 30.0, 10.0)",0
39.479999999999336,"(30.0, 30.0, 10.0)",0
39.519999999999335,"(30.0, 30.0, 10.0)",0
39.559999999999334,"(30.0, 30.0, 10.0)",0
39.59999999999933,"(30.0, 30.0, 10.0)",0
39.63999999999933,"(30.0, 30.0, 10.0)",0
39.67999999999933,"(30.0, 30.0, 10.0)",0
39.71999999999933,"(30.0, 30.0, 10.0)",0
39.75999999999933,"(30.0, 30.0, 10.0)",0
39.79999999999933,"(30.0, 30.0, 10.0)",0
39.83999999999933,"(30.0, 30.0, 10.0)",0
39.87999999999933,"(30.0, 30.0, 10.0)",0
39.91999999999933,"(30.0, 30.0, 10.0)",0
39.959999999999326,"(30.0, 30.0, 10.0)",0
39.999999999999325,"(30.0, 30.0, 10.0)",0
40.039999999999324,"(30.0, 30.0, 10.0)",0
40.07999999999932,"(30.0, 30.0, 10.0)",0
40.11999999999932,"(30.0, 30.0, 10.0)",0
40.15999999999932,"(30.0, 30.0, 10.0)",0
40.19999999999932,"(30.0, 30.0, 10.0)",0
40.23999999999932,"(30.0, 30.0, 10.0)",0
40.27999999999932,"(30.0, 30.0, 10.0)",0
40.31999999999932,"(30.0, 30.0, 10.0)",0
40.35999999999932,"(30.0, 30.0, 10.0)",0
40.39999999999932,"(30.0, 30.0, 10.0)",0
40.439999999999316,"(30.0, 30.0, 10.0)",0
40.479999999999315,"(30.0, 30.0, 10.0)",0
40.519999999999314,"(30.0, 30.0, 10.0)",0
40.55999999999931,"(30.0, 30.0, 10.0)",0
40.59999999999931,"(30.0, 30.0, 10.0)",0
40.63999999999931,"(30.0, 30.0, 10.0)",0
40.67999999999931,"(30.0, 30.0, 10.0)",0
40.71999999999931,"(30.0, 30.0, 10.0)",0
40.75999999999931,"(30.0, 30.0, 10.0)",0
40.79999999999931,"(30.0, 30.0, 10.0)",0
40.83999999999931,"(30.0, 30.0, 10.0)",0
40.879999999999306,"(30.0, 30.0, 10.0)",0
40.919999999999305,"(30.0, 30.0, 10.0)",0
40.959999999999305,"(30.0, 30.0, 10.0)",0
40.999999999999304,"(30.0, 30.0, 10.0)",0
41.0399999999993,"(30.0, 30.0, 10.0)",0
41.0799999999993,"(30.0, 30.0, 10.0)",0
41.1199999999993,"(30.0, 30.0, 10.0)",0
41.1599999999993,"(30.0, 30.0, 10.0)",0
41.1999999999993,"(30.0, 30.0, 10.0)",0
41.2399999999993,"(30.0, 30.0, 10.0)",0
41.2799999999993,"(30.0, 30.0, 10.0)",0
41.3199999999993,"(30.0, 30.0, 10.0)",0
41.359999999999296,"(30.0, 30.0, 10.0)",0
41.399999999999295,"(30.0, 30.0, 10.0)",0
41.439999999999294,"(30.0, 30.0, 10.0)",0
41.47999999999929,"(30.0, 30.0, 10.0)",0
41.51999999999929,"(30.0, 30.0, 10.0)",0
41.55999999999929,"(30.0, 30.0, 10.0)",0
41.59999999999929,"(30.0, 30.0, 10.0)",0
41.63999999999929,"(30.0, 30.0, 10.0)",0
41.67999999999929,"(30.0, 30.0, 10.0)",0
41.71999999999929,"(30.0, 30.0, 10.0)",0
41.75999999999929,"(30.0, 30.0, 10.0)",0
41.79999999999929,"(30.0, 30.0, 10.0)",0
41.839999999999286,"(30.0, 30.0, 10.0)",0
41.879999999999285,"(30.0, 30.0, 10.0)",0
41.919999999999284,"(30.0, 30.0, 10.0)",0
41.95999999999928,"(30.0, 30.0, 10.0)",0
41.99999999999928,"(30.0, 30.0, 10.0)",0
42.03999999999928,"(30.0, 30.0, 10.0)",0
42.07999999999928,"(30.0, 30.0, 10.0)",0
42.11999999999928,"(30.0, 30.0, 10.0)",0
42.15999999999928,"(30.0, 30.0, 10.0)",0
42.19999999999928,"(30.0, 30.0, 10.0)",0
42.23999999999928,"(30.0, 30.0, 10.0)",0
42.279999999999276,"(30.0, 30.0, 10.0)",0
42.319999999999276,"(30.0, 30.0, 10.0)",0
42.359999999999275,"(30.0, 30.0, 10.0)",0
42.399999999999274,"(30.0, 30.0, 10.0)",0
42.43999999999927,"(30.0, 30.0, 10.0)",0
42.47999999999927,"(30.0, 30.0, 10.0)",0
42.51999999999927,"(30.0, 30.0, 10.0)",0
42.55999999999927,"(30.0, 30.0, 10.0)",0
42.59999999999927,"(30.0, 30.0, 10.0)",0
42.63999999999927,"(30.0, 30.0, 10.0)",0
42.67999999999927,"(30.0, 30.0, 10.0)",0
42.71999999999927,"(30.0, 30.0, 10.0)",0
42.759999999999266,"(30.0, 30.0, 10.0)",0
42.799999999999265,"(30.0, 30.0, 10.0)",0
42.839999999999264,"(30.0, 30.0, 10.0)",0
42.879999999999264,"(30.0, 30.0, 10.0)",0
42.91999999999926,"(30.0, 30.0, 10.0)",0
42.95999999999926,"(30.0, 30.0, 10.0)",0
42.99999999999926,"(30.0, 30.0, 10.0)",0
43.03999999999926,"(30.0, 30.0, 10.0)",0
43.07999999999926,"(30.0, 30.0, 10.0)",0
43.11999999999926,"(30.0, 30.0, 10.0)",0
43.15999999999926,"(30.0, 30.0, 10.0)",0
43.19999999999926,"(30.0, 30.0, 10.0)",0
43.239999999999256,"(30.0, 30.0, 10.0)",0
43.279999999999255,"(30.0, 30.0, 10.0)",0
43.319999999999254,"(30.0, 30.0, 10.0)",0
43.35999999999925,"(30.0, 30.0, 10.0)",0
43.39999999999925,"(30.0, 30.0, 10.0)",0
43.43999999999925,"(30.0, 30.0, 10.0)",0
43.47999999999925,"(30.0, 30.0, 10.0)",0
43.51999999999925,"(30.0, 30.0, 10.0)",0
43.55999999999925,"(30.0, 30.0, 10.0)",0
43.59999999999925,"(30.0, 30.0, 10.0)",0
43.63999999999925,"(30.0, 30.0, 10.0)",0
43.67999999999925,"(30.0, 30.0, 10.0)",0
43.719999999999246,"(30.0, 30.0, 10.0)",0
43.759999999999245,"(30.0, 30.0, 10.0)",0
43.799999999999244,"(30.0, 30.0, 10.0)",0
43.83999999999924,"(30.0, 30.0, 10.0)",0
43.87999999999924,"(30.0, 30.0, 10.0)",0
43.91999999999924,"(30.0, 30.0, 10.0)",0
43.95999999999924,"(30.0, 30.0, 10.0)",0
43.99999999999924,"(30.0, 30.0, 10.0)",0
44.03999999999924,"(30.0, 30.0, 10.0)",0
44.07999999999924,"(30.0, 30.0, 10.0)",0
44.11999999999924,"(30.0, 30.0, 10.0)",0
44.159999999999236,"(30.0, 30.0, 10.0)",0
44.199999999999235,"(30.0, 30.0, 10.0)",0
44.239999999999235,"(30.0, 30.0, 10.0)",0
44.279999999999234,"(30.0, 30.0, 10.0)",0
44.31999999999923,"(30.0, 30.0, 10.0)",0
44.35999999999923,"(30.0, 30.0, 10.0)",0
44.39999999999923,"(30.0, 30.0, 10.0)",0
44.43999999999923,"(30.0, 30.0, 10.0)",0
44.47999999999923,"(30.0, 30.0, 10.0)",0
44.51999999999923,"(30.0, 30.0, 10.0)",0
44.55999999999923,"(30.0, 30.0, 10.0)",0
44.59999999999923,"(30.0, 30.0, 10.0)",0
44.639999999999226,"(30.0, 30.0, 10.0)",0
44.679999999999225,"(30.0, 30.0, 10.0)",0
44.719999999999224,"(30.0, 30.0, 10.0)",0
44.75999999999922,"(30.0, 30.0, 10.0)",0
44.79999999999922,"(30.0, 30.0, 10.0)",0
44.83999999999922,"(30.0, 30.0, 10.0)",0
44.87999999999922,"(30.0, 30.0, 10.0)",0
44.91999999999922,"(30.0, 30.0, 10.0)",0
44.95999999999922,"(30.0, 30.0, 10.0)",0
44.99999999999922,"(30.0, 30.0, 10.0)",0
45.03999999999922,"(30.0, 30.0, 10.0)",0
45.07999999999922,"(30.0, 30.0, 10.0)",0
45.119999999999216,"(30.0, 30.0, 10.0)",0
45.159999999999215,"(30.0, 30.0, 10.0)",0
45.199999999999214,"(30.0, 30.0, 10.0)",0
45.23999999999921,"(30.0, 30.0, 10.0)",0
45.27999999999921,"(30.0, 30.0, 10.0)",0
45.31999999999921,"(30.0, 30.0, 10.0)",0
45.35999999999921,"(30.0, 30.0, 10.0)",0
45.39999999999921,"(30.0, 30.0, 10.0)",0
45.43999999999921,"(30.0, 30.0, 10.0)",0
45.47999999999921,"(30.0, 30.0, 10.0)",0
45.51999999999921,"(30.0, 30.0, 10.0)",0
45.55999999999921,"(30.0, 30.0, 10.0)",0
45.599999999999206,"(30.0, 30.0, 10.0)",0
45.639999999999205,"(30.0, 30.0, 10.0)",0
45.679999999999204,"(30.0, 30.0, 10.0)",0
45.7199999999992,"(30.0, 30.0, 10.0)",0
45.7599999999992,"(30.0, 30.0, 10.0)",0
45.7999999999992,"(30.0, 30.0, 10.0)",0
45.8399999999992,"(30.0, 30.0, 10.0)",0
45.8799999999992,"(30.0, 30.0, 10.0)",0
45.9199999999992,"(30.0, 30.0, 10.0)",0
45.9599999999992,"(30.0, 30.0, 10.0)",0
45.9999999999992,"(30.0, 30.0, 10.0)",0
46.039999999999196,"(30.0, 30.0, 10.0)",0
46.079999999999195,"(30.0, 30.0, 10.0)",0
46.119999999999195,"(30.0, 30.0, 10.0)",0
46.159999999999194,"(30.0, 30.0, 10.0)",0
46.19999999999919,"(30.0, 30.0, 10.0)",0
46.23999999999919,"(30.0, 30.0, 10.0)",0
46.27999999999919,"(30.0, 30.0, 10.0)",0
46.31999999999919,"(30.0, 30.0, 10.0)",0
46.35999999999919,"(30.0, 30.0, 10.0)",0
46.39999999999919,"(30.0, 30.0, 10.0)",0
46.43999999999919,"(30.0, 30.0, 10.0)",0
46.47999999999919,"(30.0, 30.0, 10.0)",0
46.519999999999186,"(30.0, 30.0, 10.0)",0
46.559999999999185,"(30.0, 30.0, 10.0)",0
46.599999999999184,"(30.0, 30.0, 10.0)",0
46.63999999999918,"(30.0, 30.0, 10.0)",0
46.67999999999918,"(30.0, 30.0, 10.0)",0
46.71999999999918,"(30.0, 30.0, 10.0)",0
46.75999999999918,"(30.0, 30.0, 10.0)",0
46.79999999999918,"(30.0, 30.0, 10.0)",0
46.83999999999918,"(30.0, 30.0, 10.0)",0
46.87999999999918,"(30.0, 30.0, 10.0)",0
46.91999999999918,"(30.0, 30.0, 10.0)",0
46.95999999999918,"(30.0, 30.0, 10.0)",0
46.999999999999176,"(30.0, 30.0, 10.0)",0
47.039999999999175,"(30.0, 30.0, 10.0)",0
47.079999999999174,"(30.0, 30.0, 10.0)",0
47.11999999999917,"(30.0, 30.0, 10.0)",0
47.15999999999917,"(30.0, 30.0, 10.0)",0
47.19999999999917,"(30.0, 30.0, 10.0)",0
47.23999999999917,"(30.0, 30.0, 10.0)",0
47.27999999999917,"(30.0, 30.0, 10.0)",0
47.31999999999917,"(30.0, 30.0, 10.0)",0
47.35999999999917,"(30.0, 30.0, 10.0)",0
47.39999999999917,"(30.0, 30.0, 10.0)",0
47.439999999999166,"(30.0, 30.0, 10.0)",0
47.479999999999166,"(30.0, 30.0, 10.0)",0
47.519999999999165,"(30.0, 30.0, 10.0)",0
47.559999999999164,"(30.0, 30.0, 10.0)",0
47.59999999999916,"(30.0, 30.0, 10.0)",0
47.63999999999916,"(30.0, 30.0, 10.0)",0
47.67999999999916,"(30.0, 30.0, 10.0)",0
47.71999999999916,"(30.0, 30.0, 10.0)",0
47.75999999999916,"(30.0, 30.0, 10.0)",0
47.79999999999916,"(30.0, 30.0, 10.0)",0
47.83999999999916,"(30.0, 30.0, 10.0)",0
47.87999999999916,"(30.0, 30.0, 10.0)",0
47.919999999999156,"(30.0, 30.0, 10.0)",0
47.959999999999155,"(30.0, 30.0, 10.0)",0
47.999999999999154,"(30.0, 30.0, 10.0)",0
48.039999999999154,"(30.0, 30.0, 10.0)",0
48.07999999999915,"(30.0, 30.0, 10.0)",0
48.11999999999915,"(30.0, 30.0, 10.0)",0
48.15999999999915,"(30.0, 30.0, 10.0)",0
48.19999999999915,"(30.0, 30.0, 10.0)",0
48.23999999999915,"(30.0, 30.0, 10.0)",0
48.27999999999915,"(30.0, 30.0, 10.0)",0
48.31999999999915,"(30.0, 30.0, 10.0)",0
48.35999999999915,"(30.0, 30.0, 10.0)",0
48.399999999999146,"(30.0, 30.0, 10.0)",0
48.439999999999145,"(30.0, 30.0, 10.0)",0
48.479999999999144,"(30.0, 30.0, 10.0)",0
48.51999999999914,"(30.0, 30.0, 10.0)",0
48.55999999999914,"(30.0, 30.0, 10.0)",0
48.59999999999914,"(30.0, 30.0, 10.0)",0
48.63999999999914,"(30.0, 30.0, 10.0)",0
48.67999999999914,"(30.0, 30.0, 10.0)",0
48.71999999999914,"(30.0, 30.0, 10.0)",0
48.75999999999914,"(30.0, 30.0, 10.0)",0
48.79999999999914,"(30.0, 30.0, 10.0)",0
48.83999999999914,"(30.0, 30.0, 10.0)",0
48.879999999999136,"(30.0, 30.0, 10.0)",0
48.919999999999135,"(30.0, 30.0, 10.0)",0
48.959999999999134,"(30.0, 30.0, 10.0)",0
48.99999999999913,"(30.0, 30.0, 10.0)",0
49.03999999999913,"(30.0, 30.0, 10.0)",0
49.07999999999913,"(30.0, 30.0, 10.0)",0
49.11999999999913,"(30.0, 30.0, 10.0)",0
49.15999999999913,"(30.0, 30.0, 10.0)",0
49.19999999999913,"(30.0, 30.0, 10.0)",0
49.23999999999913,"(30.0, 30.0, 10.0)",0
49.27999999999913,"(30.0, 30.0, 10.0)",0
49.319999999999126,"(30.0, 30.0, 10.0)",0
49.359999999999125,"(30.0, 30.0, 10.0)",0
49.399999999999125,"(30.0, 30.0, 10.0)",0
49.439999999999124,"(30.0, 30.0, 10.0)",0
49.47999999999912,"(30.0, 30.0, 10.0)",0
49.51999999999912,"(30.0, 30.0, 10.0)",0
49.55999999999912,"(30.0, 30.0, 10.0)",0
49.59999999999912,"(30.0, 30.0, 10.0)",0
49.63999999999912,"(30.0, 30.0, 10.0)",0
49.67999999999912,"(30.0, 30.0, 10.0)",0
49.71999999999912,"(30.0, 30.0, 10.0)",0
49.75999999999912,"(30.0, 30.0, 10.0)",0
49.799999999999116,"(30.0, 30.0, 10.0)",0
49.839999999999115,"(30.0, 30.0, 10.0)",0
49.879999999999114,"(30.0, 30.0, 10.0)",0
49.91999999999911,"(30.0, 30.0, 10.0)",0
49.95999999999911,"(30.0, 30.0, 10.0)",0
49.99999999999911,"(30.0, 30.0, 10.0)",0
50.03999999999911,"(30.0, 30.0, 10.0)",0
50.07999999999911,"(30.0, 30.0, 10.0)",0
50.11999999999911,"(30.0, 30.0, 10.0)",0
50.15999999999911,"(30.0, 30.0, 10.0)",0
50.19999999999911,"(30.0, 30.0, 10.0)",0
50.23999999999911,"(30.0, 30.0, 10.0)",0
50.279999999999106,"(30.0, 30.0, 10.0)",0
50.319999999999105,"(30.0, 30.0, 10.0)",0
50.359999999999104,"(30.0, 30.0, 10.0)",0
50.3999999999991,"(30.0, 30.0, 10.0)",0
50.4399999999991,"(30.0, 30.0, 10.0)",0
50.4799999999991,"(30.0, 30.0, 10.0)",0
50.5199999999991,"(30.0, 30.0, 10.0)",0
50.5599999999991,"(30.0, 30.0, 10.0)",0
50.5999999999991,"(30.0, 30.0, 10.0)",0
50.6399999999991,"(30.0, 30.0, 10.0)",0
50.6799999999991,"(30.0, 30.0, 10.0)",0
50.7199999999991,"(30.0, 30.0, 10.0)",0
50.759999999999096,"(30.0, 30.0, 10.0)",0
50.799999999999095,"(30.0, 30.0, 10.0)",0
50.839999999999094,"(30.0, 30.0, 10.0)",0
50.87999999999909,"(30.0, 30.0, 10.0)",0
50.91999999999909,"(30.0, 30.0, 10.0)",0
50.95999999999909,"(30.0, 30.0, 10.0)",0
50.99999999999909,"(30.0, 30.0, 10.0)",0
51.03999999999909,"(30.0, 30.0, 10.0)",0
51.07999999999909,"(30.0, 30.0, 10.0)",0
51.11999999999909,"(30.0, 30.0, 10.0)",0
51.15999999999909,"(30.0, 30.0, 10.0)",0
51.199999999999086,"(30.0, 30.0, 10.0)",0
51.239999999999085,"(30.0, 30.0, 10.0)",0
51.279999999999085,"(30.0, 30.0, 10.0)",0
51.319999999999084,"(30.0, 30.0, 10.0)",0
51.35999999999908,"(30.0, 30.0, 10.0)",0
51.39999999999908,"(30.0, 30.0, 10.0)",0
51.43999999999908,"(30.0, 30.0, 10.0)",0
51.47999999999908,"(30.0, 30.0, 10.0)",0
51.51999999999908,"(30.0, 30.0, 10.0)",0
51.55999999999908,"(30.0, 30.0, 10.0)",0
51.59999999999908,"(30.0, 30.0, 10.0)",0
51.63999999999908,"(30.0, 30.0, 10.0)",0
51.679999999999076,"(30.0, 30.0, 10.0)",0
51.719999999999075,"(30.0, 30.0, 10.0)",0
51.759999999999074,"(30.0, 30.0, 10.0)",0
51.79999999999907,"(30.0, 30.0, 10.0)",0
51.83999999999907,"(30.0, 30.0, 10.0)",0
51.87999999999907,"(30.0, 30.0, 10.0)",0
51.91999999999907,"(30.0, 30.0, 10.0)",0
51.95999999999907,"(30.0, 30.0, 10.0)",0
51.99999999999907,"(30.0, 30.0, 10.0)",0
52.03999999999907,"(30.0, 30.0, 10.0)",0
52.07999999999907,"(30.0, 30.0, 10.0)",0
52.11999999999907,"(30.0, 30.0, 10.0)",0
52.159999999999066,"(30.0, 30.0, 10.0)",0
52.199999999999065,"(30.0, 30.0, 10.0)",0
52.239999999999064,"(30.0, 30.0, 10.0)",0
52.27999999999906,"(30.0, 30.0, 10.0)",0
52.31999999999906,"(30.0, 30.0, 10.0)",0
52.35999999999906,"(30.0, 30.0, 10.0)",0
52.39999999999906,"(30.0, 30.0, 10.0)",0
52.43999999999906,"(30.0, 30.0, 10.0)",0
52.47999999999906,"(30.0, 30.0, 10.0)",0
52.51999999999906,"(30.0, 30.0, 10.0)",0
52.55999999999906,"(30.0, 30.0, 10.0)",0
52.599999999999056,"(30.0, 30.0, 10.0)",0
52.639999999999056,"(30.0, 30.0, 10.0)",0
52.679999999999055,"(30.0, 30.0, 10.0)",0
52.719999999999054,"(30.0, 30.0, 10.0)",0
52.75999999999905,"(30.0, 30.0, 10.0)",0
52.79999999999905,"(30.0, 30.0, 10.0)",0
52.83999999999905,"(30.0, 30.0, 10.0)",0
52.87999999999905,"(30.0, 30.0, 10.0)",0
52.91999999999905,"(30.0, 30.0, 10.0)",0
52.95999999999905,"(30.0, 30.0, 10.0)",0
52.99999999999905,"(30.0, 30.0, 10.0)",0
53.03999999999905,"(30.0, 30.0, 10.0)",0
53.079999999999046,"(30.0, 30.0, 10.0)",0
53.119999999999045,"(30.0, 30.0, 10.0)",0
53.159999999999044,"(30.0, 30.0, 10.0)",0
53.199999999999044,"(30.0, 30.0, 10.0)",0
53.23999999999904,"(30.0, 30.0, 10.0)",0
53.27999999999904,"(30.0, 30.0, 10.0)",0
53.31999999999904,"(30.0, 30.0, 10.0)",0
53.35999999999904,"(30.0, 30.0, 10.0)",0
53.39999999999904,"(30.0, 30.0, 10.0)",0
53.43999999999904,"(30.0, 30.0, 10.0)",0
53.47999999999904,"(30.0, 30.0, 10.0)",0
53.51999999999904,"(30.0, 30.0, 10.0)",0
53.559999999999036,"(30.0, 30.0, 10.0)",0
53.599999999999035,"(30.0, 30.0, 10.0)",0
53.639999999999034,"(30.0, 30.0, 10.0)",0
53.67999999999903,"(30.0, 30.0, 10.0)",0
53.71999999999903,"(30.0, 30.0, 10.0)",0
53.75999999999903,"(30.0, 30.0, 10.0)",0
53.79999999999903,"(30.0, 30.0, 10.0)",0
53.83999999999903,"(30.0, 30.0, 10.0)",0
53.87999999999903,"(30.0, 30.0, 10.0)",0
53.91999999999903,"(30.0, 30.0, 10.0)",0
53.95999999999903,"(30.0, 30.0, 10.0)",0
53.99999999999903,"(30.0, 30.0, 10.0)",0
54.039999999999026,"(30.0, 30.0, 10.0)",0
54.079999999999025,"(30.0, 30.0, 10.0)",0
54.119999999999024,"(30.0, 30.0, 10.0)",0
54.15999999999902,"(30.0, 30.0, 10.0)",0
54.19999999999902,"(30.0, 30.0, 10.0)",0
54.23999999999902,"(30.0, 30.0, 10.0)",0
54.27999999999902,"(30.0, 30.0, 10.0)",0
54.31999999999902,"(30.0, 30.0, 10.0)",0
54.35999999999902,"(30.0, 30.0, 10.0)",0
54.39999999999902,"(30.0, 30.0, 10.0)",0
54.43999999999902,"(30.0, 30.0, 10.0)",0
54.479999999999016,"(30.0, 30.0, 10.0)",0
54.519999999999015,"(30.0, 30.0, 10.0)",0
54.559999999999015,"(30.0, 30.0, 10.0)",0
54.599999999999014,"(30.0, 30.0, 10.0)",0
54.63999999999901,"(30.0, 30.0, 10.0)",0
54.67999999999901,"(30.0, 30.0, 10.0)",0
54.71999999999901,"(30.0, 30.0, 10.0)",0
54.75999999999901,"(30.0, 30.0, 10.0)",0
54.79999999999901,"(30.0, 30.0, 10.0)",0
54.83999999999901,"(30.0, 30.0, 10.0)",0
54.87999999999901,"(30.0, 30.0, 10.0)",0
54.91999999999901,"(30.0, 30.0, 10.0)",0
54.959999999999006,"(30.0, 30.0, 10.0)",0
54.999999999999005,"(30.0, 30.0, 10.0)",0
55.039999999999004,"(30.0, 30.0, 10.0)",0
55.079999999999,"(30.0, 30.0, 10.0)",0
55.119999999999,"(30.0, 30.0, 10.0)",0
55.159999999999,"(30.0, 30.0, 10.0)",0
55.199999999999,"(30.0, 30.0, 10.0)",0
55.239999999999,"(30.0, 30.0, 10.0)",0
55.279999999999,"(30.0, 30.0, 10.0)",0
55.319999999999,"(30.0, 30.0, 10.0)",0
55.359999999999,"(30.0, 30.0, 10.0)",0
55.399999999999,"(30.0, 30.0, 10.0)",0
55.439999999998996,"(30.0, 30.0, 10.0)",0
55.479999999998995,"(30.0, 30.0, 10.0)",0
55.519999999998994,"(30.0, 30.0, 10.0)",0
55.55999999999899,"(30.0, 30.0, 10.0)",0
55.59999999999899,"(30.0, 30.0, 10.0)",0
55.63999999999899,"(30.0, 30.0, 10.0)",0
55.67999999999899,"(30.0, 30.0, 10.0)",0
55.71999999999899,"(30.0, 30.0, 10.0)",0
55.75999999999899,"(30.0, 30.0, 10.0)",0
55.79999999999899,"(30.0, 30.0, 10.0)",0
55.83999999999899,"(30.0, 30.0, 10.0)",0
55.87999999999899,"(30.0, 30.0, 10.0)",0
55.919999999998986,"(30.0, 30.0, 10.0)",0
55.959999999998985,"(30.0, 30.0, 10.0)",0
