0.0,"(10.0, 10.0, 10.0)",0
0.04,"(10.0, 10.0, 10.0)",0
0.08,"(10.0, 10.0, 10.0)",0
0.12,"(10.0, 10.0, 10.0)",0
0.16,"(10.0, 10.0, 10.0)",0
0.2,"(10.0, 10.0, 10.0)",0
0.24,"(10.0, 10.0, 10.0)",0
0.28,"(10.0, 10.0, 10.0)",0
0.32,"(10.0, 10.0, 10.0)",0
0.36,"(10.0, 10.0, 10.0)",0
0.4,"(10.0, 10.0, 10.0)",0
0.44,"(10.0, 10.0, 10.0)",0
0.48,"(10.0, 10.0, 10.0)",0
0.52,"(10.0, 10.0, 10.0)",0
0.56,"(10.0, 10.0, 10.0)",0
0.6,"(10.0, 10.0, 10.0)",0
0.64,"(10.0, 10.0, 10.0)",0
0.68,"(10.0, 10.0, 10.0)",0
0.72,"(10.0, 10.0, 10.0)",0
0.76,"(10.0, 10.0, 10.0)",0
0.8,"(10.0, 10.0, 10.0)",0
0.84,"(10.0, 10.0, 10.0)",0
0.88,"(10.0, 10.0, 10.0)",0
0.92,"(10.0, 10.0, 10.0)",0
0.96,"(10.0, 10.0, 10.0)",0
1.0,"(10.0, 10.0, 10.0)",0
1.04,"(10.0, 10.0, 10.0)",0
1.08,"(10.0, 10.0, 10.0)",0
1.12,"(10.0, 10.0, 10.0)",0
1.16,"(10.0, 10.0, 10.0)",0
1.2,"(10.0, 10.0, 10.0)",0
1.24,"(10.0, 10.0, 10.0)",0
1.28,"(10.0, 10.0, 10.0)",0
1.32,"(10.0, 10.0, 10.0)",0
1.36,"(10.0, 10.0, 10.0)",0
1.4000000000000001,"(10.0, 10.0, 10.0)",0
1.44,"(10.0, 10.0, 10.0)",0
1.48,"(10.0, 10.0, 10.0)",0
1.52,"(10.0, 10.0, 10.0)",0
1.56,"(10.0, 10.0, 10.0)",0
1.6,"(10.0, 10.0, 10.0)",0
1.6400000000000001,"(10.0, 10.0, 10.0)",0
1.68,"(10.0, 10.0, 10.0)",0
1.72,"(10.0, 10.0, 10.0)",0
1.76,"(10.0, 10.0, 10.0)",0
1.8,"(10.0, 10.0, 10.0)",0
1.84,"(10.0, 10.0, 10.0)",0
1.8800000000000001,"(10.0, 10.0, 10.0)",0
1.92,"(10.0, 10.0, 10.0)",0
1.96,"(10.0, 10.0, 10.0)",0
2.0,"(10.0, 10.0, 10.0)",0
2.04,"(10.0, 10.0, 10.0)",0
2.08,"(10.0, 10.0, 10.0)",0
2.12,"(10.0, 10.0, 10.0)",0
2.16,"(10.0, 10.0, 10.0)",0
2.2,"(10.0, 10.0, 10.0)",0
2.24,"(10.0, 10.0, 10.0)",0
2.2800000000000002,"(10.0, 10.0, 10.0)",0
2.32,"(10.0, 10.0, 10.0)",0
2.36,"(10.0, 10.0, 10.0)",0
2.4,"(10.0, 10.0, 10.0)",0
2.44,"(10.0, 10.0, 10.0)",0
2.48,"(10.0, 10.0, 10.0)",0
2.52,"(10.0, 10.0, 10.0)",0
2.56,"(10.0, 10.0, 10.0)",0
2.6,"(10.0, 10.0, 10.0)",0
2.64,"(10.0, 10.0, 10.0)",0
2.68,"(10.0, 10.0, 10.0)",0
2.72,"(10.0, 10.0, 10.0)",0
2.7600000000000002,"(10.0, 10.0, 10.0)",0
2.8000000000000003,"(10.0, 10.0, 10.0)",0
2.84,"(10.0, 10.0, 10.0)",0
2.88,"(10.0, 10.0, 10.0)",0
2.92,"(10.0, 10.0, 10.0)",0
2.96,"(10.0, 10.0, 10.0)",0
3.0,"(10.0, 10.0, 10.0)",0
3.04,"(10.0, 10.0, 10.0)",0
3.08,"(10.0, 10.0, 10.0)",0
3.12,"(10.0, 10.0, 10.0)",0
3.16,"(10.0, 10.0, 10.0)",0
3.2,"(10.0, 10.0, 10.0)",0
3.24,"(10.0, 10.0, 10.0)",0
3.2800000000000002,"(10.0, 10.0, 10.0)",0
3.3200000000000003,"(10.0, 10.0, 10.0)",0
3.36,"(10.0, 10.0, 10.0)",0
3.4,"(10.0, 10.0, 10.0)",0
3.44,"(10.0, 10.0, 10.0)",0
3.48,"(10.0, 10.0, 10.0)",0
3.52,"(10.0, 10.0, 10.0)",0
3.56,"(10.0, 10.0, 10.0)",0
3.6,"(10.0, 10.0, 10.0)",0
3.64,"(10.0, 10.0, 10.0)",0
3.68,"(10.0, 10.0, 10.0)",0
3.72,"(10.0, 10.0, 10.0)",0
3.7600000000000002,"(10.0, 10.0, 10.0)",0
3.8000000000000003,"(10.0, 10.0, 10.0)",0
3.84,"(10.0, 10.0, 10.0)",0
3.88,"(10.0, 10.0, 10.0)",0
3.92,"(10.0, 10.0, 10.0)",0
3.96,"(10.0, 10.0, 10.0)",0
4.0,"(10.0, 10.0, 10.0)",0
4.04,"(10.0, 10.0, 10.0)",0
4.08,"(10.0, 10.0, 10.0)",0
4.12,"(10.0, 10.0, 10.0)",0
4.16,"(10.0, 10.0, 10.0)",0
4.2,"(10.0, 10.0, 10.0)",0
4.24,"(10.0, 10.0, 10.0)",0
4.28,"(10.0, 10.0, 10.0)",0
4.32,"(10.0, 10.0, 10.0)",0
4.36,"(10.0, 10.0, 10.0)",0
4.4,"(10.0, 10.0, 10.0)",0
4.44,"(10.0, 10.0, 10.0)",0
4.48,"(10.0, 10.0, 10.0)",0
4.5200000000000005,"(10.0, 10.0, 10.0)",0
4.5600000000000005,"(10.0, 10.0, 10.0)",0
4.6000000000000005,"(10.0, 10.0, 10.0)",0
4.64,"(10.0, 10.0, 10.0)",0
4.68,"(10.0, 10.0, 10.0)",0
4.72,"(10.0, 10.0, 10.0)",0
4.76,"(10.0, 10.0, 10.0)",0
4.8,"(10.0, 10.0, 10.0)",0
4.84,"(10.0, 10.0, 10.0)",0
4.88,"(10.0, 10.0, 10.0)",0
4.92,"(10.0, 10.0, 10.0)",0
4.96,"(10.0, 10.0, 10.0)",0
5.0,"(10.0, 10.0, 10.0)",0
5.04,"(10.0, 10.0, 10.0)",0
5.08,"(10.0, 10.0, 10.0)",0
5.12,"(10.0, 10.0, 10.0)",0
5.16,"(10.0, 10.0, 10.0)",0
5.2,"(10.0, 10.0, 10.0)",0
5.24,"(10.0, 10.0, 10.0)",0
5.28,"(10.0, 10.0, 10.0)",0
5.32,"(10.0, 10.0, 10.0)",0
5.36,"(10.0, 10.0, 10.0)",0
5.4,"(10.0, 10.0, 10.0)",0
5.44,"(10.0, 10.0, 10.0)",0
5.48,"(10.0, 10.0, 10.0)",0
5.5200000000000005,"(10.0, 10.0, 10.0)",0
5.5600000000000005,"(10.0, 10.0, 10.0)",0
5.6000000000000005,"(10.0, 10.0, 10.0)",0
5.64,"(10.0, 10.0, 10.0)",0
5.68,"(10.0, 10.0, 10.0)",0
5.72,"(10.0, 10.0, 10.0)",0
5.76,"(10.0, 10.0, 10.0)",0
5.8,"(10.0, 10.0, 10.0)",0
5.84,"(10.0, 10.0, 10.0)",0
5.88,"(10.0, 10.0, 10.0)",0
5.92,"(10.0, 10.0, 10.0)",0
5.96,"(10.0, 10.0, 10.0)",0
6.0,"(10.0, 10.0, 10.0)",0
6.04,"(10.0, 10.0, 10.0)",0
6.08,"(10.0, 10.0, 10.0)",0
6.12,"(10.0, 10.0, 10.0)",0
6.16,"(10.0, 10.0, 10.0)",0
6.2,"(10.0, 10.0, 10.0)",0
6.24,"(10.0, 10.0, 10.0)",0
6.28,"(10.0, 10.0, 10.0)",0
6.32,"(10.0, 10.0, 10.0)",0
6.36,"(10.0, 10.0, 10.0)",0
6.4,"(10.0, 10.0, 10.0)",0
6.44,"(10.0, 10.0, 10.0)",0
6.48,"(10.0, 10.0, 10.0)",0
6.5200000000000005,"(10.0, 10.0, 10.0)",0
6.5600000000000005,"(10.0, 10.0, 10.0)",0
6.6000000000000005,"(10.0, 10.0, 10.0)",0
6.640000000000001,"(10.0, 10.0, 10.0)",0
6.68,"(10.0, 10.0, 10.0)",0
6.72,"(10.0, 10.0, 10.0)",0
6.76,"(10.0, 10.0, 10.0)",0
6.8,"(10.0, 10.0, 10.0)",0
6.84,"(10.0, 10.0, 10.0)",0
6.88,"(10.0, 10.0, 10.0)",0
6.92,"(10.0, 10.0, 10.0)",0
6.96,"(10.0, 10.0, 10.0)",0
7.0,"(10.0, 10.0, 10.0)",0
7.04,"(10.0, 10.0, 10.0)",0
7.08,"(10.0, 10.0, 10.0)",0
7.12,"(10.0, 10.0, 10.0)",0
7.16,"(10.0, 10.0, 10.0)",0
7.2,"(10.0, 10.0, 10.0)",0
7.24,"(10.0, 10.0, 10.0)",0
7.28,"(10.0, 10.0, 10.0)",0
7.32,"(10.0, 10.0, 10.0)",0
7.36,"(10.0, 10.0, 10.0)",0
7.4,"(10.0, 10.0, 10.0)",0
7.44,"(10.0, 10.0, 10.0)",0
7.48,"(10.0, 10.0, 10.0)",0
7.5200000000000005,"(10.0, 10.0, 10.0)",0
7.5600000000000005,"(10.0, 10.0, 10.0)",0
7.6000000000000005,"(10.0, 10.0, 10.0)",0
7.640000000000001,"(10.0, 10.0, 10.0)",0
7.68,"(10.0, 10.0, 10.0)",0
7.72,"(10.0, 10.0, 10.0)",0
7.76,"(10.0, 10.0, 10.0)",0
7.8,"(10.0, 10.0, 10.0)",0
7.84,"(10.0, 10.0, 10.0)",0
7.88,"(10.0, 10.0, 10.0)",0
7.92,"(10.0, 10.0, 10.0)",0
7.96,"(10.0, 10.0, 10.0)",0
8.0,"(10.0, 10.0, 10.0)",0
8.040000000000001,"(10.0, 10.0, 10.0)",0
8.08,"(10.0, 10.0, 10.0)",0
8.120000000000001,"(10.0, 10.0, 10.0)",0
8.16,"(10.0, 10.0, 10.0)",0
8.2,"(10.0, 10.0, 10.0)",0
8.24,"(10.0, 10.0, 10.0)",0
8.28,"(10.0, 10.0, 10.0)",0
8.32,"(10.0, 10.0, 10.0)",0
8.36,"(10.0, 10.0, 10.0)",0
8.4,"(10.0, 10.0, 10.0)",0
8.44,"(10.0, 10.0, 10.0)",0
8.48,"(10.0, 10.0, 10.0)",0
8.52,"(10.0, 10.0, 10.0)",0
8.56,"(10.0, 10.0, 10.0)",0
8.6,"(10.0, 10.0, 10.0)",0
8.64,"(10.0, 10.0, 10.0)",0
8.68,"(10.0, 10.0, 10.0)",0
8.72,"(10.0, 10.0, 10.0)",0
8.76,"(10.0, 10.0, 10.0)",0
8.8,"(10.0, 10.0, 10.0)",0
8.84,"(10.0, 10.0, 10.0)",0
8.88,"(10.0, 10.0, 10.0)",0
8.92,"(10.0, 10.0, 10.0)",0
8.96,"(10.0, 10.0, 10.0)",0
9.0,"(10.0, 10.0, 10.0)",0
9.040000000000001,"(10.0, 10.0, 10.0)",0
9.08,"(10.0, 10.0, 10.0)",0
9.120000000000001,"(10.0, 10.0, 10.0)",0
9.16,"(10.0, 10.0, 10.0)",0
9.200000000000001,"(10.0, 10.0, 10.0)",0
9.24,"(10.0, 10.0, 10.0)",0
9.28,"(10.0, 10.0, 10.0)",0
9.32,"(10.0, 10.0, 10.0)",0
9.36,"(10.0, 10.0, 10.0)",0
9.4,"(10.0, 10.0, 10.0)",0
9.44,"(10.0, 10.0, 10.0)",0
9.48,"(10.0, 10.0, 10.0)",0
9.52,"(10.0, 10.0, 10.0)",0
9.56,"(10.0, 10.0, 10.0)",0
9.6,"(10.0, 10.0, 10.0)",0
9.64,"(10.0, 10.0, 10.0)",0
9.68,"(10.0, 10.0, 10.0)",0
9.72,"(10.0, 10.0, 10.0)",0
9.76,"(10.0, 10.0, 10.0)",0
9.8,"(10.0, 10.0, 10.0)",0
9.84,"(10.0, 10.0, 10.0)",0
9.88,"(10.0, 10.0, 10.0)",0
9.92,"(10.0, 10.0, 10.0)",0
9.96,"(10.0, 10.0, 10.0)",0
10.0,"(10.0, 10.0, 10.0)",0
10.040000000000001,"(10.0, 10.0, 10.0)",0
10.08,"(10.0, 10.0, 10.0)",0
10.120000000000001,"(10.0, 10.0, 10.0)",0
10.16,"(10.0, 10.0, 10.0)",0
10.200000000000001,"(10.0, 10.0, 10.0)",0
10.24,"(10.0, 10.0, 10.0)",0
10.28,"(10.0, 10.0, 10.0)",0
10.32,"(10.0, 10.0, 10.0)",0
10.36,"(10.0, 10.0, 10.0)",0
10.4,"(10.0, 10.0, 10.0)",0
10.44,"(10.0, 10.0, 10.0)",0
10.48,"(10.0, 10.0, 10.0)",0
10.52,"(10.0, 10.0, 10.0)",0
10.56,"(10.0, 10.0, 10.0)",0
10.6,"(10.0, 10.0, 10.0)",0
10.64,"(10.0, 10.0, 10.0)",0
10.68,"(10.0, 10.0, 10.0)",0
10.72,"(10.0, 10.0, 10.0)",0
10.76,"(10.0, 10.0, 10.0)",0
10.8,"(10.0, 10.0, 10.0)",0
10.84,"(10.0, 10.0, 10.0)",0
10.88,"(10.0, 10.0, 10.0)",0
10.92,"(10.0, 10.0, 10.0)",0
10.96,"(10.0, 10.0, 10.0)",0
11.0,"(10.0, 10.0, 10.0)",0
11.040000000000001,"(10.0, 10.0, 10.0)",0
11.08,"(10.0, 10.0, 10.0)",0
11.120000000000001,"(10.0, 10.0, 10.0)",0
11.16,"(10.0, 10.0, 10.0)",0
11.200000000000001,"(10.0, 10.0, 10.0)",0
11.24,"(10.0, 10.0, 10.0)",0
11.28,"(10.0, 10.0, 10.0)",0
11.32,"(10.0, 10.0, 10.0)",0
11.36,"(10.0, 10.0, 10.0)",0
11.4,"(10.0, 10.0, 10.0)",0
11.44,"(10.0, 10.0, 10.0)",0
11.48,"(10.0, 10.0, 10.0)",0
11.52,"(10.0, 10.0, 10.0)",0
11.56,"(10.0, 10.0, 10.0)",0
11.6,"(10.0, 10.0, 10.0)",0
11.64,"(10.0, 10.0, 10.0)",0
11.68,"(10.0, 10.0, 10.0)",0
11.72,"(10.0, 10.0, 10.0)",0
11.76,"(10.0, 10.0, 10.0)",0
11.8,"(10.0, 10.0, 10.0)",0
11.84,"(10.0, 10.0, 10.0)",0
11.88,"(10.0, 10.0, 10.0)",0
11.92,"(10.0, 10.0, 10.0)",0
11.96,"(10.0, 10.0, 10.0)",0
12.0,"(10.0, 10.0, 10.0)",0
12.040000000000001,"(10.0, 10.0, 10.0)",0
12.08,"(10.0, 10.0, 10.0)",0
12.120000000000001,"(10.0, 10.0, 10.0)",0
12.16,"(10.0, 10.0, 10.0)",0
12.200000000000001,"(10.0, 10.0, 10.0)",0
12.24,"(10.0, 10.0, 10.0)",0
12.280000000000001,"(10.0, 10.0, 10.0)",0
12.32,"(10.0, 10.0, 10.0)",0
12.36,"(10.0, 10.0, 10.0)",0
12.4,"(10.0, 10.0, 10.0)",0
12.44,"(10.0, 10.0, 10.0)",0
12.48,"(10.0, 10.0, 10.0)",0
12.52,"(10.0, 10.0, 10.0)",0
12.56,"(10.0, 10.0, 10.0)",0
12.6,"(10.0, 10.0, 10.0)",0
12.64,"(10.0, 10.0, 10.0)",0
12.68,"(10.0, 10.0, 10.0)",0
12.72,"(10.0, 10.0, 10.0)",0
12.76,"(10.0, 10.0, 10.0)",0
12.8,"(10.0, 10.0, 10.0)",0
12.84,"(10.0, 10.0, 10.0)",0
12.88,"(10.0, 10.0, 10.0)",0
12.92,"(10.0, 10.0, 10.0)",0
12.96,"(10.0, 10.0, 10.0)",0
13.0,"(10.0, 10.0, 10.0)",0
13.040000000000001,"(10.0, 10.0, 10.0)",0
13.08,"(10.0, 10.0, 10.0)",0
13.120000000000001,"(10.0, 10.0, 10.0)",0
13.16,"(10.0, 10.0, 10.0)",0
13.200000000000001,"(10.0, 10.0, 10.0)",0
13.24,"(10.0, 10.0, 10.0)",0
13.280000000000001,"(10.0, 10.0, 10.0)",0
13.32,"(10.0, 10.0, 10.0)",0
13.36,"(10.0, 10.0, 10.0)",0
13.4,"(10.0, 10.0, 10.0)",0
13.44,"(10.0, 10.0, 10.0)",0
13.48,"(10.0, 10.0, 10.0)",0
13.52,"(10.0, 10.0, 10.0)",0
13.56,"(10.0, 10.0, 10.0)",0
13.6,"(10.0, 10.0, 10.0)",0
13.64,"(10.0, 10.0, 10.0)",0
13.68,"(10.0, 10.0, 10.0)",0
13.72,"(10.0, 10.0, 10.0)",0
13.76,"(10.0, 10.0, 10.0)",0
13.8,"(10.0, 10.0, 10.0)",0
13.84,"(10.0, 10.0, 10.0)",0
13.88,"(10.0, 10.0, 10.0)",0
13.92,"(10.0, 10.0, 10.0)",0
13.96,"(10.0, 10.0, 10.0)",0
14.0,"(10.0, 10.0, 10.0)",0
14.040000000000001,"(10.0, 10.0, 10.0)",0
14.08,"(10.0, 10.0, 10.0)",0
14.120000000000001,"(10.0, 10.0, 10.0)",0
14.16,"(10.0, 10.0, 10.0)",0
14.200000000000001,"(10.0, 10.0, 10.0)",0
14.24,"(10.0, 10.0, 10.0)",0
14.280000000000001,"(10.0, 10.0, 10.0)",0
14.32,"(10.0, 10.0, 10.0)",0
14.36,"(10.0, 10.0, 10.0)",0
14.4,"(10.0, 10.0, 10.0)",0
14.44,"(10.0, 10.0, 10.0)",0
14.48,"(10.0, 10.0, 10.0)",0
14.52,"(10.0, 10.0, 10.0)",0
14.56,"(10.0, 10.0, 10.0)",0
14.6,"(10.0, 10.0, 10.0)",0
14.64,"(10.0, 10.0, 10.0)",0
14.68,"(10.0, 10.0, 10.0)",0
14.72,"(10.0, 10.0, 10.0)",0
14.76,"(10.0, 10.0, 10.0)",0
14.8,"(10.0, 10.0, 10.0)",0
14.84,"(10.0, 10.0, 10.0)",0
14.88,"(10.0, 10.0, 10.0)",0
14.92,"(10.0, 10.0, 10.0)",0
14.96,"(10.0, 10.0, 10.0)",0
15.0,"(10.0, 10.0, 10.0)",0
15.040000000000001,"(10.0, 10.0, 10.0)",0
15.08,"(10.0, 10.0, 10.0)",0
15.120000000000001,"(10.0, 10.0, 10.0)",0
15.16,"(10.0, 10.0, 10.0)",0
15.200000000000001,"(10.0, 10.0, 10.0)",0
15.24,"(10.0, 10.0, 10.0)",0
15.280000000000001,"(10.0, 10.0, 10.0)",0
15.32,"(10.0, 10.0, 10.0)",0
15.36,"(10.0, 10.0, 10.0)",0
15.4,"(10.0, 10.0, 10.0)",0
15.44,"(10.0, 10.0, 10.0)",0
15.48,"(10.0, 10.0, 10.0)",0
15.52,"(10.0, 10.0, 10.0)",0
15.56,"(10.0, 10.0, 10.0)",0
15.6,"(10.0, 10.0, 10.0)",0
15.64,"(10.0, 10.0, 10.0)",0
15.68,"(10.0, 10.0, 10.0)",0
15.72,"(10.0, 10.0, 10.0)",0
15.76,"(10.0, 10.0, 10.0)",0
15.8,"(10.0, 10.0, 10.0)",0
15.84,"(10.0, 10.0, 10.0)",0
15.88,"(10.0, 10.0, 10.0)",0
15.92,"(10.0, 10.0, 10.0)",0
15.96,"(10.0, 10.0, 10.0)",0
16.0,"(10.0, 10.0, 10.0)",0
16.04,"(10.0, 10.0, 10.0)",0
16.080000000000002,"(10.0, 10.0, 10.0)",0
16.12,"(10.0, 10.0, 10.0)",0
16.16,"(10.0, 10.0, 10.0)",0
16.2,"(10.0, 10.0, 10.0)",0
16.240000000000002,"(10.0, 10.0, 10.0)",0
16.28,"(10.0, 10.0, 10.0)",0
16.32,"(10.0, 10.0, 10.0)",0
16.36,"(10.0, 10.0, 10.0)",0
16.4,"(10.0, 10.0, 10.0)",0
16.44,"(10.0, 10.0, 10.0)",0
16.48,"(10.0, 10.0, 10.0)",0
16.52,"(10.0, 10.0, 10.0)",0
16.56,"(10.0, 10.0, 10.0)",0
16.6,"(10.0, 10.0, 10.0)",0
16.64,"(10.0, 10.0, 10.0)",0
16.68,"(10.0, 10.0, 10.0)",0
16.72,"(10.0, 10.0, 10.0)",0
16.76,"(10.0, 10.0, 10.0)",0
16.8,"(10.0, 10.0, 10.0)",0
16.84,"(10.0, 10.0, 10.0)",0
16.88,"(10.0, 10.0, 10.0)",0
16.92,"(10.0, 10.0, 10.0)",0
16.96,"(10.0, 10.0, 10.0)",0
17.0,"(10.0, 10.0, 10.0)",0
17.04,"(10.0, 10.0, 10.0)",0
17.080000000000002,"(10.0, 10.0, 10.0)",0
17.12,"(10.0, 10.0, 10.0)",0
17.16,"(10.0, 10.0, 10.0)",0
17.2,"(10.0, 10.0, 10.0)",0
17.240000000000002,"(10.0, 10.0, 10.0)",0
17.28,"(10.0, 10.0, 10.0)",0
17.32,"(10.0, 10.0, 10.0)",0
17.36,"(10.0, 10.0, 10.0)",0
17.400000000000002,"(10.0, 10.0, 10.0)",0
17.44,"(10.0, 10.0, 10.0)",0
17.48,"(10.0, 10.0, 10.0)",0
17.52,"(10.0, 10.0, 10.0)",0
17.56,"(10.0, 10.0, 10.0)",0
17.6,"(10.0, 10.0, 10.0)",0
17.64,"(10.0, 10.0, 10.0)",0
17.68,"(10.0, 10.0, 10.0)",0
17.72,"(10.0, 10.0, 10.0)",0
17.76,"(10.0, 10.0, 10.0)",0
17.8,"(10.0, 10.0, 10.0)",0
17.84,"(10.0, 10.0, 10.0)",0
17.88,"(10.0, 10.0, 10.0)",0
17.92,"(10.0, 10.0, 10.0)",0
17.96,"(10.0, 10.0, 10.0)",0
18.0,"(10.0, 10.0, 10.0)",0
18.04,"(10.0, 10.0, 10.0)",0
18.080000000000002,"(10.0, 10.0, 10.0)",0
18.12,"(10.0, 10.0, 10.0)",0
18.16,"(10.0, 10.0, 10.0)",0
18.2,"(10.0, 10.0, 10.0)",0
18.240000000000002,"(10.0, 10.0, 10.0)",0
18.28,"(10.0, 10.0, 10.0)",0
18.32,"(10.0, 10.0, 10.0)",0
18.36,"(10.0, 10.0, 10.0)",0
18.400000000000002,"(10.0, 10.0, 10.0)",0
18.44,"(10.0, 10.0, 10.0)",0
18.48,"(10.0, 10.0, 10.0)",0
18.52,"(10.0, 10.0, 10.0)",0
18.56,"(10.0, 10.0, 10.0)",0
18.6,"(10.0, 10.0, 10.0)",0
18.64,"(10.0, 10.0, 10.0)",0
18.68,"(10.0, 10.0, 10.0)",0
18.72,"(10.0, 10.0, 10.0)",0
18.76,"(10.0, 10.0, 10.0)",0
18.8,"(10.0, 10.0, 10.0)",0
18.84,"(10.0, 10.0, 10.0)",0
18.88,"(10.0, 10.0, 10.0)",0
18.92,"(10.0, 10.0, 10.0)",0
18.96,"(10.0, 10.0, 10.0)",0
19.0,"(10.0, 10.0, 10.0)",0
19.04,"(10.0, 10.0, 10.0)",0
19.080000000000002,"(10.0, 10.0, 10.0)",0
19.12,"(10.0, 10.0, 10.0)",0
19.16,"(10.0, 10.0, 10.0)",0
19.2,"(10.0, 10.0, 10.0)",0
19.240000000000002,"(10.0, 10.0, 10.0)",0
19.28,"(10.0, 10.0, 10.0)",0
19.32,"(10.0, 10.0, 10.0)",0
19.36,"(10.0, 10.0, 10.0)",0
19.400000000000002,"(10.0, 10.0, 10.0)",0
19.44,"(10.0, 10.0, 10.0)",0
19.48,"(10.0, 10.0, 10.0)",0
19.52,"(10.0, 10.0, 10.0)",0
19.56,"(10.0, 10.0, 10.0)",0
19.6,"(10.0, 10.0, 10.0)",0
19.64,"(10.0, 10.0, 10.0)",0
19.68,"(10.0, 10.0, 10.0)",0
19.72,"(10.0, 10.0, 10.0)",0
19.76,"(10.0, 10.0, 10.0)",0
19.8,"(10.0, 10.0, 10.0)",0
19.84,"(10.0, 10.0, 10.0)",0
19.88,"(10.0, 10.0, 10.0)",0
19.92,"(10.0, 10.0, 10.0)",0
19.96,"(10.0, 10.0, 10.0)",0
20.0,"(10.0, 10.0, 10.0)",0
20.04,"(10.0, 10.0, 10.0)",0
20.080000000000002,"(10.0, 10.0, 10.0)",0
20.12,"(10.0, 10.0, 10.0)",0
20.16,"(10.0, 10.0, 10.0)",0
20.2,"(10.0, 10.0, 10.0)",0
20.240000000000002,"(10.0, 10.0, 10.0)",0
20.28,"(10.0, 10.0, 10.0)",0
20.32,"(10.0, 10.0, 10.0)",0
20.36,"(10.0, 10.0, 10.0)",0
20.400000000000002,"(10.0, 10.0, 10.0)",0
20.44,"(10.0, 10.0, 10.0)",0
20.48,"(10.0, 10.0, 10.0)",0
20.52,"(10.0, 10.0, 10.0)",0
20.56,"(10.0, 10.0, 10.0)",0
20.6,"(10.0, 10.0, 10.0)",0
20.64,"(10.0, 10.0, 10.0)",0
20.68,"(10.0, 10.0, 10.0)",0
20.72,"(10.0, 10.0, 10.0)",0
20.76,"(10.0, 10.0, 10.0)",0
20.8,"(10.0, 10.0, 10.0)",0
20.84,"(10.0, 10.0, 10.0)",0
20.88,"(10.0, 10.0, 10.0)",0
20.92,"(10.0, 10.0, 10.0)",0
20.96,"(10.0, 10.0, 10.0)",0
21.0,"(10.0, 10.0, 10.0)",0
21.04,"(10.0, 10.0, 10.0)",0
21.080000000000002,"(10.0, 10.0, 10.0)",0
21.12,"(10.0, 10.0, 10.0)",0
21.16,"(10.0, 10.0, 10.0)",0
21.2,"(10.0, 10.0, 10.0)",0
21.240000000000002,"(10.0, 10.0, 10.0)",0
21.28,"(10.0, 10.0, 10.0)",0
21.32,"(10.0, 10.0, 10.0)",0
21.36,"(10.0, 10.0, 10.0)",0
21.400000000000002,"(10.0, 10.0, 10.0)",0
21.44,"(10.0, 10.0, 10.0)",0
21.48,"(10.0, 10.0, 10.0)",0
21.52,"(10.0, 10.0, 10.0)",0
21.56,"(10.0, 10.0, 10.0)",0
21.6,"(10.0, 10.0, 10.0)",0
21.64,"(10.0, 10.0, 10.0)",0
21.68,"(10.0, 10.0, 10.0)",0
21.72,"(10.0, 10.0, 10.0)",0
21.76,"(10.0, 10.0, 10.0)",0
21.8,"(10.0, 10.0, 10.0)",0
21.84,"(10.0, 10.0, 10.0)",0
21.88,"(10.0, 10.0, 10.0)",0
21.92,"(10.0, 10.0, 10.0)",0
21.96,"(10.0, 10.0, 10.0)",0
22.0,"(10.0, 10.0, 10.0)",0
22.04,"(10.0, 10.0, 10.0)",0
22.080000000000002,"(10.0, 10.0, 10.0)",0
22.12,"(10.0, 10.0, 10.0)",0
22.16,"(10.0, 10.0, 10.0)",0
22.2,"(10.0, 10.0, 10.0)",0
22.240000000000002,"(10.0, 10.0, 10.0)",0
22.28,"(10.0, 10.0, 10.0)",0
22.32,"(10.0, 10.0, 10.0)",0
22.36,"(10.0, 10.0, 10.0)",0
22.400000000000002,"(10.0, 10.0, 10.0)",0
22.44,"(10.0, 10.0, 10.0)",0
22.48,"(10.0, 10.0, 10.0)",0
22.52,"(10.0, 10.0, 10.0)",0
22.56,"(10.0, 10.0, 10.0)",0
22.6,"(10.0, 10.0, 10.0)",0
22.64,"(10.0, 10.0, 10.0)",0
22.68,"(10.0, 10.0, 10.0)",0
22.72,"(10.0, 10.0, 10.0)",0
22.76,"(10.0, 10.0, 10.0)",0
22.8,"(10.0, 10.0, 10.0)",0
22.84,"(10.0, 10.0, 10.0)",0
22.88,"(10.0, 10.0, 10.0)",0
22.92,"(10.0, 10.0, 10.0)",0
22.96,"(10.0, 10.0, 10.0)",0
23.0,"(10.0, 10.0, 10.0)",0
23.04,"(10.0, 10.0, 10.0)",0
23.080000000000002,"(10.0, 10.0, 10.0)",0
23.12,"(10.0, 10.0, 10.0)",0
23.16,"(10.0, 10.0, 10.0)",0
23.2,"(10.0, 10.0, 10.0)",0
23.240000000000002,"(10.0, 10.0, 10.0)",0
23.28,"(10.0, 10.0, 10.0)",0
23.32,"(10.0, 10.0, 10.0)",0
23.36,"(10.0, 10.0, 10.0)",0
23.400000000000002,"(10.0, 10.0, 10.0)",0
23.44,"(10.0, 10.0, 10.0)",0
23.48,"(10.0, 10.0, 10.0)",0
23.52,"(10.0, 10.0, 10.0)",0
23.56,"(10.0, 10.0, 10.0)",0
23.6,"(10.0, 10.0, 10.0)",0
23.64,"(10.0, 10.0, 10.0)",0
23.68,"(10.0, 10.0, 10.0)",0
23.72,"(10.0, 10.0, 10.0)",0
23.76,"(10.0, 10.0, 10.0)",0
23.8,"(10.0, 10.0, 10.0)",0
23.84,"(10.0, 10.0, 10.0)",0
23.88,"(10.0, 10.0, 10.0)",0
23.92,"(10.0, 10.0, 10.0)",0
23.96,"(10.0, 10.0, 10.0)",0
24.0,"(10.0, 10.0, 10.0)",0
24.04,"(10.0, 10.0, 10.0)",0
24.080000000000002,"(10.0, 10.0, 10.0)",0
24.12,"(10.0, 10.0, 10.0)",0
24.16,"(10.0, 10.0, 10.0)",0
24.2,"(10.0, 10.0, 10.0)",0
24.240000000000002,"(10.0, 10.0, 10.0)",0
24.28,"(10.0, 10.0, 10.0)",0
24.32,"(10.0, 10.0, 10.0)",0
24.36,"(10.0, 10.0, 10.0)",0
24.400000000000002,"(10.0, 10.0, 10.0)",0
24.44,"(10.0, 10.0, 10.0)",0
24.48,"(10.0, 10.0, 10.0)",0
24.52,"(10.0, 10.0, 10.0)",0
24.560000000000002,"(10.0, 10.0, 10.0)",0
24.6,"(10.0, 10.0, 10.0)",0
24.64,"(10.0, 10.0, 10.0)",0
24.68,"(10.0, 10.0, 10.0)",0
24.72,"(10.0, 10.0, 10.0)",0
24.76,"(10.0, 10.0, 10.0)",0
24.8,"(10.0, 10.0, 10.0)",0
24.84,"(10.0, 10.0, 10.0)",0
24.88,"(10.0, 10.0, 10.0)",0
24.92,"(10.0, 10.0, 10.0)",0
24.96,"(10.0, 10.0, 10.0)",0
25.0,"(10.0, 10.0, 10.0)",0
25.04,"(10.0, 10.0, 10.0)",0
25.080000000000002,"(10.0, 10.0, 10.0)",0
25.12,"(10.0, 10.0, 10.0)",0
25.16,"(10.0, 10.0, 10.0)",0
25.2,"(10.0, 10.0, 10.0)",0
25.240000000000002,"(10.0, 10.0, 10.0)",0
25.28,"(10.0, 10.0, 10.0)",0
25.32,"(10.0, 10.0, 10.0)",0
25.36,"(10.0, 10.0, 10.0)",0
25.400000000000002,"(10.0, 10.0, 10.0)",0
25.44,"(10.0, 10.0, 10.0)",0
25.48,"(10.0, 10.0, 10.0)",0
25.52,"(10.0, 10.0, 10.0)",0
25.560000000000002,"(10.0, 10.0, 10.0)",0
25.6,"(10.0, 10.0, 10.0)",0
25.64,"(10.0, 10.0, 10.0)",0
25.68,"(10.0, 10.0, 10.0)",0
25.72,"(10.0, 10.0, 10.0)",0
25.76,"(10.0, 10.0, 10.0)",0
25.8,"(10.0, 10.0, 10.0)",0
25.84,"(10.0, 10.0, 10.0)",0
25.88,"(10.0, 10.0, 10.0)",0
25.92,"(10.0, 10.0, 10.0)",0
25.96,"(10.0, 10.0, 10.0)",0
26.0,"(10.0, 10.0, 10.0)",0
26.04,"(10.0, 10.0, 10.0)",0
26.080000000000002,"(10.0, 10.0, 10.0)",0
26.12,"(10.0, 10.0, 10.0)",0
26.16,"(10.0, 10.0, 10.0)",0
26.2,"(10.0, 10.0, 10.0)",0
26.240000000000002,"(10.0, 10.0, 10.0)",0
26.28,"(10.0, 10.0, 10.0)",0
26.32,"(10.0, 10.0, 10.0)",0
26.36,"(10.0, 10.0, 10.0)",0
26.400000000000002,"(10.0, 10.0, 10.0)",0
26.44,"(10.0, 10.0, 10.0)",0
26.48,"(10.0, 10.0, 10.0)",0
26.52,"(10.0, 10.0, 10.0)",0
26.560000000000002,"(10.0, 10.0, 10.0)",0
26.6,"(10.0, 10.0, 10.0)",0
26.64,"(10.0, 10.0, 10.0)",0
26.68,"(10.0, 10.0, 10.0)",0
26.72,"(10.0, 10.0, 10.0)",0
26.76,"(10.0, 10.0, 10.0)",0
26.8,"(10.0, 10.0, 10.0)",0
26.84,"(10.0, 10.0, 10.0)",0
26.88,"(10.0, 10.0, 10.0)",0
26.92,"(10.0, 10.0, 10.0)",0
26.96,"(10.0, 10.0, 10.0)",0
27.0,"(10.0, 10.0, 10.0)",0
27.04,"(10.0, 10.0, 10.0)",0
27.080000000000002,"(10.0, 10.0, 10.0)",0
27.12,"(10.0, 10.0, 10.0)",0
27.16,"(10.0, 10.0, 10.0)",0
27.2,"(10.0, 10.0, 10.0)",0
27.240000000000002,"(10.0, 10.0, 10.0)",0
27.28,"(10.0, 10.0, 10.0)",0
27.32,"(10.0, 10.0, 10.0)",0
27.36,"(10.0, 10.0, 10.0)",0
27.400000000000002,"(10.0, 10.0, 10.0)",0
27.44,"(10.0, 10.0, 10.0)",0
27.48,"(10.0, 10.0, 10.0)",0
27.52,"(10.0, 10.0, 10.0)",0
27.560000000000002,"(10.0, 10.0, 10.0)",0
27.6,"(10.0, 10.0, 10.0)",0
27.64,"(10.0, 10.0, 10.0)",0
27.68,"(10.0, 10.0, 10.0)",0
27.72,"(10.0, 10.0, 10.0)",0
27.76,"(10.0, 10.0, 10.0)",0
27.8,"(10.0, 10.0, 10.0)",0
27.84,"(10.0, 10.0, 10.0)",0
27.88,"(10.0, 10.0, 10.0)",0
27.92,"(10.0, 10.0, 10.0)",0
27.96,"(10.0, 10.0, 10.0)",0
28.0,"(10.0, 10.0, 10.0)",0
28.04,"(10.0, 10.0, 10.0)",0
28.080000000000002,"(10.0, 10.0, 10.0)",0
28.12,"(10.0, 10.0, 10.0)",0
28.16,"(10.0, 10.0, 10.0)",0
28.2,"(10.0, 10.0, 10.0)",0
28.240000000000002,"(10.0, 10.0, 10.0)",0
28.28,"(10.0, 10.0, 10.0)",0
28.32,"(10.0, 10.0, 10.0)",0
28.36,"(10.0, 10.0, 10.0)",0
28.400000000000002,"(10.0, 10.0, 10.0)",0
28.44,"(10.0, 10.0, 10.0)",0
28.48,"(10.0, 10.0, 10.0)",0
28.52,"(10.0, 10.0, 10.0)",0
28.560000000000002,"(10.0, 10.0, 10.0)",0
28.6,"(10.0, 10.0, 10.0)",0
28.64,"(10.0, 10.0, 10.0)",0
28.68,"(10.0, 10.0, 10.0)",0
28.72,"(10.0, 10.0, 10.0)",0
28.76,"(10.0, 10.0, 10.0)",0
28.8,"(10.0, 10.0, 10.0)",0
28.84,"(10.0, 10.0, 10.0)",0
28.88,"(10.0, 10.0, 10.0)",0
28.92,"(10.0, 10.0, 10.0)",0
28.96,"(10.0, 10.0, 10.0)",0
29.0,"(10.0, 10.0, 10.0)",0
29.04,"(10.0, 10.0, 10.0)",0
29.080000000000002,"(10.0, 10.0, 10.0)",0
29.12,"(10.0, 10.0, 10.0)",0
29.16,"(10.0, 10.0, 10.0)",0
29.2,"(10.0, 10.0, 10.0)",0
29.240000000000002,"(10.0, 10.0, 10.0)",0
29.28,"(10.0, 10.0, 10.0)",0
29.32,"(10.0, 10.0, 10.0)",0
29.36,"(10.0, 10.0, 10.0)",0
29.400000000000002,"(10.0, 10.0, 10.0)",0
29.44,"(10.0, 10.0, 10.0)",0
29.48,"(10.0, 10.0, 10.0)",0
29.52,"(10.0, 10.0, 10.0)",0
29.560000000000002,"(10.0, 10.0, 10.0)",0
29.6,"(10.0, 10.0, 10.0)",0
29.64,"(10.0, 10.0, 10.0)",0
29.68,"(10.0, 10.0, 10.0)",0
29.72,"(10.0, 10.0, 10.0)",0
29.76,"(10.0, 10.0, 10.0)",0
29.8,"(10.0, 10.0, 10.0)",0
29.84,"(10.0, 10.0, 10.0)",0
29.88,"(10.0, 10.0, 10.0)",0
29.92,"(10.0, 10.0, 10.0)",0
29.96,"(10.0, 10.0, 10.0)",0
30.0,"(10.0, 10.0, 10.0)",0
30.04,"(10.0, 10.0, 10.0)",0
30.080000000000002,"(10.0, 10.0, 10.0)",0
30.12,"(10.0, 10.0, 10.0)",0
30.16,"(10.0, 10.0, 10.0)",0
30.2,"(10.0, 10.0, 10.0)",0
30.240000000000002,"(10.0, 10.0, 10.0)",0
30.28,"(10.0, 10.0, 10.0)",0
30.32,"(10.0, 10.0, 10.0)",0
30.36,"(10.0, 10.0, 10.0)",0
30.400000000000002,"(10.0, 10.0, 10.0)",0
30.44,"(10.0, 10.0, 10.0)",0
30.48,"(10.0, 10.0, 10.0)",0
30.52,"(10.0, 10.0, 10.0)",0
30.560000000000002,"(10.0, 10.0, 10.0)",0
30.6,"(10.0, 10.0, 10.0)",0
30.64,"(10.0, 10.0, 10.0)",0
30.68,"(10.0, 10.0, 10.0)",0
30.72,"(10.0, 10.0, 10.0)",0
30.76,"(10.0, 10.0, 10.0)",0
30.8,"(10.0, 10.0, 10.0)",0
30.84,"(10.0, 10.0, 10.0)",0
30.88,"(10.0, 10.0, 10.0)",0
30.92,"(10.0, 10.0, 10.0)",0
30.96,"(10.0, 10.0, 10.0)",0
31.0,"(10.0, 10.0, 10.0)",0
31.04,"(10.0, 10.0, 10.0)",0
31.080000000000002,"(10.0, 10.0, 10.0)",0
31.12,"(10.0, 10.0, 10.0)",0
31.16,"(10.0, 10.0, 10.0)",0
31.2,"(10.0, 10.0, 10.0)",0
31.240000000000002,"(10.0, 10.0, 10.0)",0
31.28,"(10.0, 10.0, 10.0)",0
31.32,"(10.0, 10.0, 10.0)",0
31.36,"(10.0, 10.0, 10.0)",0
31.400000000000002,"(10.0, 10.0, 10.0)",0
31.44,"(10.0, 10.0, 10.0)",0
31.48,"(10.0, 10.0, 10.0)",0
31.52,"(10.0, 10.0, 10.0)",0
31.560000000000002,"(10.0, 10.0, 10.0)",0
31.6,"(10.0, 10.0, 10.0)",0
31.64,"(10.0, 10.0, 10.0)",0
31.68,"(10.0, 10.0, 10.0)",0
31.720000000000002,"(10.0, 10.0, 10.0)",0
31.76,"(10.0, 10.0, 10.0)",0
31.8,"(10.0, 10.0, 10.0)",0
31.84,"(10.0, 10.0, 10.0)",0
31.88,"(10.0, 10.0, 10.0)",0
31.92,"(10.0, 10.0, 10.0)",0
31.96,"(10.0, 10.0, 10.0)",0
32.0,"(10.0, 10.0, 10.0)",0
32.04,"(10.0, 10.0, 10.0)",0
32.08,"(10.0, 10.0, 10.0)",0
32.12,"(10.0, 10.0, 10.0)",0
32.160000000000004,"(10.0, 10.0, 10.0)",0
32.2,"(10.0, 10.0, 10.0)",0
32.24,"(10.0, 10.0, 10.0)",0
32.28,"(10.0, 10.0, 10.0)",0
32.32,"(10.0, 10.0, 10.0)",0
32.36,"(10.0, 10.0, 10.0)",0
32.4,"(10.0, 10.0, 10.0)",0
32.44,"(10.0, 10.0, 10.0)",0
32.480000000000004,"(10.0, 10.0, 10.0)",0
32.52,"(10.0, 10.0, 10.0)",0
32.56,"(10.0, 10.0, 10.0)",0
32.6,"(10.0, 10.0, 10.0)",0
32.64,"(10.0, 10.0, 10.0)",0
32.68,"(10.0, 10.0, 10.0)",0
32.72,"(10.0, 10.0, 10.0)",0
32.76,"(10.0, 10.0, 10.0)",0
32.8,"(10.0, 10.0, 10.0)",0
32.84,"(10.0, 10.0, 10.0)",0
32.88,"(10.0, 10.0, 10.0)",0
32.92,"(10.0, 10.0, 10.0)",0
32.96,"(10.0, 10.0, 10.0)",0
33.0,"(10.0, 10.0, 10.0)",0
33.04,"(10.0, 10.0, 10.0)",0
33.08,"(10.0, 10.0, 10.0)",0
33.12,"(10.0, 10.0, 10.0)",0
33.160000000000004,"(10.0, 10.0, 10.0)",0
33.2,"(10.0, 10.0, 10.0)",0
33.24,"(10.0, 10.0, 10.0)",0
33.28,"(10.0, 10.0, 10.0)",0
33.32,"(10.0, 10.0, 10.0)",0
33.36,"(10.0, 10.0, 10.0)",0
33.4,"(10.0, 10.0, 10.0)",0
33.44,"(10.0, 10.0, 10.0)",0
33.480000000000004,"(10.0, 10.0, 10.0)",0
33.52,"(10.0, 10.0, 10.0)",0
33.56,"(10.0, 10.0, 10.0)",0
33.6,"(10.0, 10.0, 10.0)",0
33.64,"(10.0, 10.0, 10.0)",0
33.68,"(10.0, 10.0, 10.0)",0
33.72,"(10.0, 10.0, 10.0)",0
33.76,"(10.0, 10.0, 10.0)",0
33.8,"(10.0, 10.0, 10.0)",0
33.84,"(10.0, 10.0, 10.0)",0
33.88,"(10.0, 10.0, 10.0)",0
33.92,"(10.0, 10.0, 10.0)",0
33.96,"(10.0, 10.0, 10.0)",0
34.0,"(10.0, 10.0, 10.0)",0
34.04,"(10.0, 10.0, 10.0)",0
34.08,"(10.0, 10.0, 10.0)",0
34.12,"(10.0, 10.0, 10.0)",0
34.160000000000004,"(10.0, 10.0, 10.0)",0
34.2,"(10.0, 10.0, 10.0)",0
34.24,"(10.0, 10.0, 10.0)",0
34.28,"(10.0, 10.0, 10.0)",0
34.32,"(10.0, 10.0, 10.0)",0
34.36,"(10.0, 10.0, 10.0)",0
34.4,"(10.0, 10.0, 10.0)",0
34.44,"(10.0, 10.0, 10.0)",0
34.480000000000004,"(10.0, 10.0, 10.0)",0
34.52,"(10.0, 10.0, 10.0)",0
34.56,"(10.0, 10.0, 10.0)",0
34.6,"(10.0, 10.0, 10.0)",0
34.64,"(10.0, 10.0, 10.0)",0
34.68,"(10.0, 10.0, 10.0)",0
34.72,"(10.0, 10.0, 10.0)",0
34.76,"(10.0, 10.0, 10.0)",0
34.800000000000004,"(10.0, 10.0, 10.0)",0
34.84,"(10.0, 10.0, 10.0)",0
34.88,"(10.0, 10.0, 10.0)",0
34.92,"(10.0, 10.0, 10.0)",0
34.96,"(10.0, 10.0, 10.0)",0
35.0,"(10.0, 10.0, 10.0)",0
35.04,"(10.0, 10.0, 10.0)",0
35.08,"(10.0, 10.0, 10.0)",0
35.12,"(10.0, 10.0, 10.0)",0
35.160000000000004,"(10.0, 10.0, 10.0)",0
35.2,"(10.0, 10.0, 10.0)",0
35.24,"(10.0, 10.0, 10.0)",0
35.28,"(10.0, 10.0, 10.0)",0
35.32,"(10.0, 10.0, 10.0)",0
35.36,"(10.0, 10.0, 10.0)",0
35.4,"(10.0, 10.0, 10.0)",0
35.44,"(10.0, 10.0, 10.0)",0
35.480000000000004,"(10.0, 10.0, 10.0)",0
35.52,"(10.0, 10.0, 10.0)",0
35.56,"(10.0, 10.0, 10.0)",0
35.6,"(10.0, 10.0, 10.0)",0
35.64,"(10.0, 10.0, 10.0)",0
35.68,"(10.0, 10.0, 10.0)",0
35.72,"(10.0, 10.0, 10.0)",0
35.76,"(10.0, 10.0, 10.0)",0
35.800000000000004,"(10.0, 10.0, 10.0)",0
35.84,"(10.0, 10.0, 10.0)",0
35.88,"(10.0, 10.0, 10.0)",0
35.92,"(10.0, 10.0, 10.0)",0
35.96,"(10.0, 10.0, 10.0)",0
36.0,"(10.0, 10.0, 10.0)",0
36.04,"(10.0, 10.0, 10.0)",0
36.08,"(10.0, 10.0, 10.0)",0
36.12,"(10.0, 10.0, 10.0)",0
36.160000000000004,"(10.0, 10.0, 10.0)",0
36.2,"(10.0, 10.0, 10.0)",0
36.24,"(10.0, 10.0, 10.0)",0
36.28,"(10.0, 10.0, 10.0)",0
36.32,"(10.0, 10.0, 10.0)",0
36.36,"(10.0, 10.0, 10.0)",0
36.4,"(10.0, 10.0, 10.0)",0
36.44,"(10.0, 10.0, 10.0)",0
36.480000000000004,"(10.0, 10.0, 10.0)",0
36.52,"(10.0, 10.0, 10.0)",0
36.56,"(10.0, 10.0, 10.0)",0
36.6,"(10.0, 10.0, 10.0)",0
36.64,"(10.0, 10.0, 10.0)",0
36.68,"(10.0, 10.0, 10.0)",0
36.72,"(10.0, 10.0, 10.0)",0
36.76,"(10.0, 10.0, 10.0)",0
36.800000000000004,"(10.0, 10.0, 10.0)",0
36.84,"(10.0, 10.0, 10.0)",0
36.88,"(10.0, 10.0, 10.0)",0
36.92,"(10.0, 10.0, 10.0)",0
36.96,"(10.0, 10.0, 10.0)",0
37.0,"(10.0, 10.0, 10.0)",0
37.04,"(10.0, 10.0, 10.0)",0
37.08,"(10.0, 10.0, 10.0)",0
37.12,"(10.0, 10.0, 10.0)",0
37.160000000000004,"(10.0, 10.0, 10.0)",0
37.2,"(10.0, 10.0, 10.0)",0
37.24,"(10.0, 10.0, 10.0)",0
37.28,"(10.0, 10.0, 10.0)",0
37.32,"(10.0, 10.0, 10.0)",0
37.36,"(10.0, 10.0, 10.0)",0
37.4,"(10.0, 10.0, 10.0)",0
37.44,"(10.0, 10.0, 10.0)",0
37.480000000000004,"(10.0, 10.0, 10.0)",0
37.52,"(10.0, 10.0, 10.0)",0
37.56,"(10.0, 10.0, 10.0)",0
37.6,"(10.0, 10.0, 10.0)",0
37.64,"(10.0, 10.0, 10.0)",0
37.68,"(10.0, 10.0, 10.0)",0
37.72,"(10.0, 10.0, 10.0)",0
37.76,"(10.0, 10.0, 10.0)",0
37.800000000000004,"(10.0, 10.0, 10.0)",0
37.84,"(10.0, 10.0, 10.0)",0
37.88,"(10.0, 10.0, 10.0)",0
37.92,"(10.0, 10.0, 10.0)",0
37.96,"(10.0, 10.0, 10.0)",0
38.0,"(10.0, 10.0, 10.0)",0
38.04,"(10.0, 10.0, 10.0)",0
38.08,"(10.0, 10.0, 10.0)",0
38.12,"(10.0, 10.0, 10.0)",0
38.160000000000004,"(10.0, 10.0, 10.0)",0
38.2,"(10.0, 10.0, 10.0)",0
38.24,"(10.0, 10.0, 10.0)",0
38.28,"(10.0, 10.0, 10.0)",0
38.32,"(10.0, 10.0, 10.0)",0
38.36,"(10.0, 10.0, 10.0)",0
38.4,"(10.0, 10.0, 10.0)",0
38.44,"(10.0, 10.0, 10.0)",0
38.480000000000004,"(10.0, 10.0, 10.0)",0
38.52,"(10.0, 10.0, 10.0)",0
38.56,"(10.0, 10.0, 10.0)",0
38.6,"(10.0, 10.0, 10.0)",0
38.64,"(10.0, 10.0, 10.0)",0
38.68,"(10.0, 10.0, 10.0)",0
38.72,"(10.0, 10.0, 10.0)",0
38.76,"(10.0, 10.0, 10.0)",0
38.800000000000004,"(10.0, 10.0, 10.0)",0
38.84,"(10.0, 10.0, 10.0)",0
38.88,"(10.0, 10.0, 10.0)",0
38.92,"(10.0, 10.0, 10.0)",0
38.96,"(10.0, 10.0, 10.0)",0
39.0,"(10.0, 10.0, 10.0)",0
39.04,"(10.0, 10.0, 10.0)",0
39.08,"(10.0, 10.0, 10.0)",0
39.12,"(10.0, 10.0, 10.0)",0
39.160000000000004,"(10.0, 10.0, 10.0)",0
39.2,"(10.0, 10.0, 10.0)",0
39.24,"(10.0, 10.0, 10.0)",0
39.28,"(10.0, 10.0, 10.0)",0
39.32,"(10.0, 10.0, 10.0)",0
39.36,"(10.0, 10.0, 10.0)",0
39.4,"(10.0, 10.0, 10.0)",0
39.44,"(10.0, 10.0, 10.0)",0
39.480000000000004,"(10.0, 10.0, 10.0)",0
39.52,"(10.0, 10.0, 10.0)",0
39.56,"(10.0, 10.0, 10.0)",0
39.6,"(10.0, 10.0, 10.0)",0
39.64,"(10.0, 10.0, 10.0)",0
39.68,"(10.0, 10.0, 10.0)",0
39.72,"(10.0, 10.0, 10.0)",0
39.76,"(10.0, 10.0, 10.0)",0
39.800000000000004,"(10.0, 10.0, 10.0)",0
39.84,"(10.0, 10.0, 10.0)",0
39.88,"(10.0, 10.0, 10.0)",0
39.92,"(10.0, 10.0, 10.0)",0
39.96,"(10.0, 10.0, 10.0)",0
40.0,"(10.0, 10.0, 10.0)",0
40.04,"(10.0, 10.0, 10.0)",0
40.08,"(10.0, 10.0, 10.0)",0
40.12,"(10.0, 10.0, 10.0)",0
40.160000000000004,"(10.0, 10.0, 10.0)",0
40.2,"(10.0, 10.0, 10.0)",0
40.24,"(10.0, 10.0, 10.0)",0
40.28,"(10.0, 10.0, 10.0)",0
40.32,"(10.0, 10.0, 10.0)",0
40.36,"(10.0, 10.0, 10.0)",0
40.4,"(10.0, 10.0, 10.0)",0
40.44,"(10.0, 10.0, 10.0)",0
40.480000000000004,"(10.0, 10.0, 10.0)",0
40.52,"(10.0, 10.0, 10.0)",0
40.56,"(10.0, 10.0, 10.0)",0
40.6,"(10.0, 10.0, 10.0)",0
40.64,"(10.0, 10.0, 10.0)",0
40.68,"(10.0, 10.0, 10.0)",0
40.72,"(10.0, 10.0, 10.0)",0
40.76,"(10.0, 10.0, 10.0)",0
40.800000000000004,"(10.0, 10.0, 10.0)",0
40.84,"(10.0, 10.0, 10.0)",0
40.88,"(10.0, 10.0, 10.0)",0
40.92,"(10.0, 10.0, 10.0)",0
40.96,"(10.0, 10.0, 10.0)",0
41.0,"(10.0, 10.0, 10.0)",0
41.04,"(10.0, 10.0, 10.0)",0
41.08,"(10.0, 10.0, 10.0)",0
41.12,"(10.0, 10.0, 10.0)",0
41.160000000000004,"(10.0, 10.0, 10.0)",0
41.2,"(10.0, 10.0, 10.0)",0
41.24,"(10.0, 10.0, 10.0)",0
41.28,"(10.0, 10.0, 10.0)",0
41.32,"(10.0, 10.0, 10.0)",0
41.36,"(10.0, 10.0, 10.0)",0
41.4,"(10.0, 10.0, 10.0)",0
41.44,"(10.0, 10.0, 10.0)",0
41.480000000000004,"(10.0, 10.0, 10.0)",0
41.52,"(10.0, 10.0, 10.0)",0
41.56,"(10.0, 10.0, 10.0)",0
41.6,"(10.0, 10.0, 10.0)",0
41.64,"(10.0, 10.0, 10.0)",0
41.68,"(10.0, 10.0, 10.0)",0
41.72,"(10.0, 10.0, 10.0)",0
41.76,"(10.0, 10.0, 10.0)",0
41.800000000000004,"(10.0, 10.0, 10.0)",0
41.84,"(10.0, 10.0, 10.0)",0
41.88,"(10.0, 10.0, 10.0)",0
41.92,"(10.0, 10.0, 10.0)",0
41.96,"(10.0, 10.0, 10.0)",0
42.0,"(10.0, 10.0, 10.0)",0
42.04,"(10.0, 10.0, 10.0)",0
42.08,"(10.0, 10.0, 10.0)",0
42.12,"(10.0, 10.0, 10.0)",0
42.160000000000004,"(10.0, 10.0, 10.0)",0
42.2,"(10.0, 10.0, 10.0)",0
42.24,"(10.0, 10.0, 10.0)",0
42.28,"(10.0, 10.0, 10.0)",0
42.32,"(10.0, 10.0, 10.0)",0
42.36,"(10.0, 10.0, 10.0)",0
42.4,"(10.0, 10.0, 10.0)",0
42.44,"(10.0, 10.0, 10.0)",0
42.480000000000004,"(10.0, 10.0, 10.0)",0
42.52,"(10.0, 10.0, 10.0)",0
42.56,"(10.0, 10.0, 10.0)",0
42.6,"(10.0, 10.0, 10.0)",0
42.64,"(10.0, 10.0, 10.0)",0
42.68,"(10.0, 10.0, 10.0)",0
42.72,"(10.0, 10.0, 10.0)",0
42.76,"(10.0, 10.0, 10.0)",0
42.800000000000004,"(10.0, 10.0, 10.0)",0
42.84,"(10.0, 10.0, 10.0)",0
42.88,"(10.0, 10.0, 10.0)",0
42.92,"(10.0, 10.0, 10.0)",0
42.96,"(10.0, 10.0, 10.0)",0
43.0,"(10.0, 10.0, 10.0)",0
43.04,"(10.0, 10.0, 10.0)",0
43.08,"(10.0, 10.0, 10.0)",0
43.12,"(10.0, 10.0, 10.0)",0
43.160000000000004,"(10.0, 10.0, 10.0)",0
43.2,"(10.0, 10.0, 10.0)",0
43.24,"(10.0, 10.0, 10.0)",0
43.28,"(10.0, 10.0, 10.0)",0
43.32,"(10.0, 10.0, 10.0)",0
43.36,"(10.0, 10.0, 10.0)",0
43.4,"(10.0, 10.0, 10.0)",0
43.44,"(10.0, 10.0, 10.0)",0
43.480000000000004,"(10.0, 10.0, 10.0)",0
43.52,"(10.0, 10.0, 10.0)",0
43.56,"(10.0, 10.0, 10.0)",0
43.6,"(10.0, 10.0, 10.0)",0
43.64,"(10.0, 10.0, 10.0)",0
43.68,"(10.0, 10.0, 10.0)",0
43.72,"(10.0, 10.0, 10.0)",0
43.76,"(10.0, 10.0, 10.0)",0
43.800000000000004,"(10.0, 10.0, 10.0)",0
43.84,"(10.0, 10.0, 10.0)",0
43.88,"(10.0, 10.0, 10.0)",0
43.92,"(10.0, 10.0, 10.0)",0
43.96,"(10.0, 10.0, 10.0)",0
44.0,"(10.0, 10.0, 10.0)",0
44.04,"(10.0, 10.0, 10.0)",0
44.08,"(10.0, 10.0, 10.0)",0
44.12,"(10.0, 10.0, 10.0)",0
44.160000000000004,"(10.0, 10.0, 10.0)",0
44.2,"(10.0, 10.0, 10.0)",0
44.24,"(10.0, 10.0, 10.0)",0
44.28,"(10.0, 10.0, 10.0)",0
44.32,"(10.0, 10.0, 10.0)",0
44.36,"(10.0, 10.0, 10.0)",0
44.4,"(10.0, 10.0, 10.0)",0
44.44,"(10.0, 10.0, 10.0)",0
44.480000000000004,"(10.0, 10.0, 10.0)",0
44.52,"(10.0, 10.0, 10.0)",0
44.56,"(10.0, 10.0, 10.0)",0
44.6,"(10.0, 10.0, 10.0)",0
44.64,"(10.0, 10.0, 10.0)",0
44.68,"(10.0, 10.0, 10.0)",0
44.72,"(10.0, 10.0, 10.0)",0
44.76,"(10.0, 10.0, 10.0)",0
44.800000000000004,"(10.0, 10.0, 10.0)",0
44.84,"(10.0, 10.0, 10.0)",0
44.88,"(10.0, 10.0, 10.0)",0
44.92,"(10.0, 10.0, 10.0)",0
44.96,"(10.0, 10.0, 10.0)",0
45.0,"(10.0, 10.0, 10.0)",0
45.04,"(10.0, 10.0, 10.0)",0
45.08,"(10.0, 10.0, 10.0)",0
45.12,"(10.0, 10.0, 10.0)",0
45.160000000000004,"(10.0, 10.0, 10.0)",0
45.2,"(10.0, 10.0, 10.0)",0
45.24,"(10.0, 10.0, 10.0)",0
45.28,"(10.0, 10.0, 10.0)",0
45.32,"(10.0, 10.0, 10.0)",0
45.36,"(10.0, 10.0, 10.0)",0
45.4,"(10.0, 10.0, 10.0)",0
45.44,"(10.0, 10.0, 10.0)",0
45.480000000000004,"(10.0, 10.0, 10.0)",0
45.52,"(10.0, 10.0, 10.0)",0
45.56,"(10.0, 10.0, 10.0)",0
45.6,"(10.0, 10.0, 10.0)",0
45.64,"(10.0, 10.0, 10.0)",0
45.68,"(10.0, 10.0, 10.0)",0
45.72,"(10.0, 10.0, 10.0)",0
45.76,"(10.0, 10.0, 10.0)",0
45.800000000000004,"(10.0, 10.0, 10.0)",0
45.84,"(10.0, 10.0, 10.0)",0
45.88,"(10.0, 10.0, 10.0)",0
45.92,"(10.0, 10.0, 10.0)",0
45.96,"(10.0, 10.0, 10.0)",0
46.0,"(10.0, 10.0, 10.0)",0
46.04,"(10.0, 10.0, 10.0)",0
46.08,"(10.0, 10.0, 10.0)",0
46.12,"(10.0, 10.0, 10.0)",0
46.160000000000004,"(10.0, 10.0, 10.0)",0
46.2,"(10.0, 10.0, 10.0)",0
46.24,"(10.0, 10.0, 10.0)",0
46.28,"(10.0, 10.0, 10.0)",0
46.32,"(10.0, 10.0, 10.0)",0
46.36,"(10.0, 10.0, 10.0)",0
46.4,"(10.0, 10.0, 10.0)",0
46.44,"(10.0, 10.0, 10.0)",0
46.480000000000004,"(10.0, 10.0, 10.0)",0
46.52,"(10.0, 10.0, 10.0)",0
46.56,"(10.0, 10.0, 10.0)",0
46.6,"(10.0, 10.0, 10.0)",0
46.64,"(10.0, 10.0, 10.0)",0
46.68,"(10.0, 10.0, 10.0)",0
46.72,"(10.0, 10.0, 10.0)",0
46.76,"(10.0, 10.0, 10.0)",0
46.800000000000004,"(10.0, 10.0, 10.0)",0
46.84,"(10.0, 10.0, 10.0)",0
46.88,"(10.0, 10.0, 10.0)",0
46.92,"(10.0, 10.0, 10.0)",0
46.96,"(10.0, 10.0, 10.0)",0
47.0,"(10.0, 10.0, 10.0)",0
47.04,"(10.0, 10.0, 10.0)",0
47.08,"(10.0, 10.0, 10.0)",0
47.12,"(10.0, 10.0, 10.0)",0
47.160000000000004,"(10.0, 10.0, 10.0)",0
47.2,"(10.0, 10.0, 10.0)",0
47.24,"(10.0, 10.0, 10.0)",0
47.28,"(10.0, 10.0, 10.0)",0
47.32,"(10.0, 10.0, 10.0)",0
47.36,"(10.0, 10.0, 10.0)",0
47.4,"(10.0, 10.0, 10.0)",0
47.44,"(10.0, 10.0, 10.0)",0
47.480000000000004,"(10.0, 10.0, 10.0)",0
47.52,"(10.0, 10.0, 10.0)",0
47.56,"(10.0, 10.0, 10.0)",0
47.6,"(10.0, 10.0, 10.0)",0
47.64,"(10.0, 10.0, 10.0)",0
47.68,"(10.0, 10.0, 10.0)",0
47.72,"(10.0, 10.0, 10.0)",0
47.76,"(10.0, 10.0, 10.0)",0
47.800000000000004,"(10.0, 10.0, 10.0)",0
47.84,"(10.0, 10.0, 10.0)",0
47.88,"(10.0, 10.0, 10.0)",0
47.92,"(10.0, 10.0, 10.0)",0
47.96,"(10.0, 10.0, 10.0)",0
48.0,"(10.0, 10.0, 10.0)",0
48.04,"(10.0, 10.0, 10.0)",0
48.08,"(10.0, 10.0, 10.0)",0
48.120000000000005,"(10.0, 10.0, 10.0)",0
48.160000000000004,"(10.0, 10.0, 10.0)",0
48.2,"(10.0, 10.0, 10.0)",0
48.24,"(10.0, 10.0, 10.0)",0
48.28,"(10.0, 10.0, 10.0)",0
48.32,"(10.0, 10.0, 10.0)",0
48.36,"(10.0, 10.0, 10.0)",0
48.4,"(10.0, 10.0, 10.0)",0
48.44,"(10.0, 10.0, 10.0)",0
48.480000000000004,"(10.0, 10.0, 10.0)",0
48.52,"(10.0, 10.0, 10.0)",0
48.56,"(10.0, 10.0, 10.0)",0
48.6,"(10.0, 10.0, 10.0)",0
48.64,"(10.0, 10.0, 10.0)",0
48.68,"(10.0, 10.0, 10.0)",0
48.72,"(10.0, 10.0, 10.0)",0
48.76,"(10.0, 10.0, 10.0)",0
48.800000000000004,"(10.0, 10.0, 10.0)",0
48.84,"(10.0, 10.0, 10.0)",0
48.88,"(10.0, 10.0, 10.0)",0
48.92,"(10.0, 10.0, 10.0)",0
48.96,"(10.0, 10.0, 10.0)",0
49.0,"(10.0, 10.0, 10.0)",0
49.04,"(10.0, 10.0, 10.0)",0
49.08,"(10.0, 10.0, 10.0)",0
49.120000000000005,"(10.0, 10.0, 10.0)",0
49.160000000000004,"(10.0, 10.0, 10.0)",0
49.2,"(10.0, 10.0, 10.0)",0
49.24,"(10.0, 10.0, 10.0)",0
49.28,"(10.0, 10.0, 10.0)",0
49.32,"(10.0, 10.0, 10.0)",0
49.36,"(10.0, 10.0, 10.0)",0
49.4,"(10.0, 10.0, 10.0)",0
49.44,"(10.0, 10.0, 10.0)",0
49.480000000000004,"(10.0, 10.0, 10.0)",0
49.52,"(10.0, 10.0, 10.0)",0
49.56,"(10.0, 10.0, 10.0)",0
49.6,"(10.0, 10.0, 10.0)",0
49.64,"(10.0, 10.0, 10.0)",0
49.68,"(10.0, 10.0, 10.0)",0
49.72,"(10.0, 10.0, 10.0)",0
49.76,"(10.0, 10.0, 10.0)",0
49.800000000000004,"(10.0, 10.0, 10.0)",0
49.84,"(10.0, 10.0, 10.0)",0
49.88,"(10.0, 10.0, 10.0)",0
49.92,"(10.0, 10.0, 10.0)",0
49.96,"(10.0, 10.0, 10.0)",0
50.0,"(10.0, 10.0, 10.0)",0
50.04,"(10.0, 10.0, 10.0)",0
50.08,"(10.0, 10.0, 10.0)",0
50.120000000000005,"(10.0, 10.0, 10.0)",0
50.160000000000004,"(10.0, 10.0, 10.0)",0
50.2,"(10.0, 10.0, 10.0)",0
50.24,"(10.0, 10.0, 10.0)",0
50.28,"(10.0, 10.0, 10.0)",0
50.32,"(10.0, 10.0, 10.0)",0
50.36,"(10.0, 10.0, 10.0)",0
50.4,"(10.0, 10.0, 10.0)",0
50.44,"(10.0, 10.0, 10.0)",0
50.480000000000004,"(10.0, 10.0, 10.0)",0
50.52,"(10.0, 10.0, 10.0)",0
50.56,"(10.0, 10.0, 10.0)",0
50.6,"(10.0, 10.0, 10.0)",0
50.64,"(10.0, 10.0, 10.0)",0
50.68,"(10.0, 10.0, 10.0)",0
50.72,"(10.0, 10.0, 10.0)",0
50.76,"(10.0, 10.0, 10.0)",0
50.800000000000004,"(10.0, 10.0, 10.0)",0
50.84,"(10.0, 10.0, 10.0)",0
50.88,"(10.0, 10.0, 10.0)",0
50.92,"(10.0, 10.0, 10.0)",0
50.96,"(10.0, 10.0, 10.0)",0
51.0,"(10.0, 10.0, 10.0)",0
51.04,"(10.0, 10.0, 10.0)",0
51.08,"(10.0, 10.0, 10.0)",0
51.120000000000005,"(10.0, 10.0, 10.0)",0
51.160000000000004,"(10.0, 10.0, 10.0)",0
51.2,"(10.0, 10.0, 10.0)",0
51.24,"(10.0, 10.0, 10.0)",0
51.28,"(10.0, 10.0, 10.0)",0
51.32,"(10.0, 10.0, 10.0)",0
51.36,"(10.0, 10.0, 10.0)",0
51.4,"(10.0, 10.0, 10.0)",0
51.44,"(10.0, 10.0, 10.0)",0
51.480000000000004,"(10.0, 10.0, 10.0)",0
51.52,"(10.0, 10.0, 10.0)",0
51.56,"(10.0, 10.0, 10.0)",0
51.6,"(10.0, 10.0, 10.0)",0
51.64,"(10.0, 10.0, 10.0)",0
51.68,"(10.0, 10.0, 10.0)",0
51.72,"(10.0, 10.0, 10.0)",0
51.76,"(10.0, 10.0, 10.0)",0
51.800000000000004,"(10.0, 10.0, 10.0)",0
51.84,"(10.0, 10.0, 10.0)",0
51.88,"(10.0, 10.0, 10.0)",0
51.92,"(10.0, 10.0, 10.0)",0
51.96,"(10.0, 10.0, 10.0)",0
52.0,"(10.0, 10.0, 10.0)",0
52.04,"(10.0, 10.0, 10.0)",0
52.08,"(10.0, 10.0, 10.0)",0
52.120000000000005,"(10.0, 10.0, 10.0)",0
52.160000000000004,"(10.0, 10.0, 10.0)",0
52.2,"(10.0, 10.0, 10.0)",0
52.24,"(10.0, 10.0, 10.0)",0
52.28,"(10.0, 10.0, 10.0)",0
52.32,"(10.0, 10.0, 10.0)",0
52.36,"(10.0, 10.0, 10.0)",0
52.4,"(10.0, 10.0, 10.0)",0
52.44,"(10.0, 10.0, 10.0)",0
52.480000000000004,"(10.0, 10.0, 10.0)",0
52.52,"(10.0, 10.0, 10.0)",0
52.56,"(10.0, 10.0, 10.0)",0
52.6,"(10.0, 10.0, 10.0)",0
52.64,"(10.0, 10.0, 10.0)",0
52.68,"(10.0, 10.0, 10.0)",0
52.72,"(10.0, 10.0, 10.0)",0
52.76,"(10.0, 10.0, 10.0)",0
52.800000000000004,"(10.0, 10.0, 10.0)",0
52.84,"(10.0, 10.0, 10.0)",0
52.88,"(10.0, 10.0, 10.0)",0
52.92,"(10.0, 10.0, 10.0)",0
52.96,"(10.0, 10.0, 10.0)",0
53.0,"(10.0, 10.0, 10.0)",0
53.04,"(10.0, 10.0, 10.0)",0
53.08,"(10.0, 10.0, 10.0)",0
53.120000000000005,"(10.0, 10.0, 10.0)",0
53.160000000000004,"(10.0, 10.0, 10.0)",0
53.2,"(10.0, 10.0, 10.0)",0
53.24,"(10.0, 10.0, 10.0)",0
53.28,"(10.0, 10.0, 10.0)",0
53.32,"(10.0, 10.0, 10.0)",0
53.36,"(10.0, 10.0, 10.0)",0
53.4,"(10.0, 10.0, 10.0)",0
53.44,"(10.0, 10.0, 10.0)",0
53.480000000000004,"(10.0, 10.0, 10.0)",0
53.52,"(10.0, 10.0, 10.0)",0
53.56,"(10.0, 10.0, 10.0)",0
53.6,"(10.0, 10.0, 10.0)",0
53.64,"(10.0, 10.0, 10.0)",0
53.68,"(10.0, 10.0, 10.0)",0
53.72,"(10.0, 10.0, 10.0)",0
53.76,"(10.0, 10.0, 10.0)",0
53.800000000000004,"(10.0, 10.0, 10.0)",0
53.84,"(10.0, 10.0, 10.0)",0
53.88,"(10.0, 10.0, 10.0)",0
53.92,"(10.0, 10.0, 10.0)",0
53.96,"(10.0, 10.0, 10.0)",0
54.0,"(10.0, 10.0, 10.0)",0
54.04,"(10.0, 10.0, 10.0)",0
54.08,"(10.0, 10.0, 10.0)",0
54.120000000000005,"(10.0, 10.0, 10.0)",0
54.160000000000004,"(10.0, 10.0, 10.0)",0
54.2,"(10.0, 10.0, 10.0)",0
54.24,"(10.0, 10.0, 10.0)",0
54.28,"(10.0, 10.0, 10.0)",0
54.32,"(10.0, 10.0, 10.0)",0
54.36,"(10.0, 10.0, 10.0)",0
54.4,"(10.0, 10.0, 10.0)",0
54.44,"(10.0, 10.0, 10.0)",0
54.480000000000004,"(10.0, 10.0, 10.0)",0
54.52,"(10.0, 10.0, 10.0)",0
54.56,"(10.0, 10.0, 10.0)",0
54.6,"(10.0, 10.0, 10.0)",0
54.64,"(10.0, 10.0, 10.0)",0
54.68,"(10.0, 10.0, 10.0)",0
54.72,"(10.0, 10.0, 10.0)",0
54.76,"(10.0, 10.0, 10.0)",0
54.800000000000004,"(10.0, 10.0, 10.0)",0
54.84,"(10.0, 10.0, 10.0)",0
54.88,"(10.0, 10.0, 10.0)",0
54.92,"(10.0, 10.0, 10.0)",0
54.96,"(10.0, 10.0, 10.0)",0
55.0,"(10.0, 10.0, 10.0)",0
55.04,"(10.0, 10.0, 10.0)",0
55.08,"(10.0, 10.0, 10.0)",0
55.120000000000005,"(10.0, 10.0, 10.0)",0
55.160000000000004,"(10.0, 10.0, 10.0)",0
55.2,"(10.0, 10.0, 10.0)",0
55.24,"(10.0, 10.0, 10.0)",0
55.28,"(10.0, 10.0, 10.0)",0
55.32,"(10.0, 10.0, 10.0)",0
55.36,"(10.0, 10.0, 10.0)",0
55.4,"(10.0, 10.0, 10.0)",0
55.44,"(10.0, 10.0, 10.0)",0
55.480000000000004,"(10.0, 10.0, 10.0)",0
55.52,"(10.0, 10.0, 10.0)",0
55.56,"(10.0, 10.0, 10.0)",0
55.6,"(10.0, 10.0, 10.0)",0
55.64,"(10.0, 10.0, 10.0)",0
55.68,"(10.0, 10.0, 10.0)",0
55.72,"(10.0, 10.0, 10.0)",0
55.76,"(10.0, 10.0, 10.0)",0
55.800000000000004,"(10.0, 10.0, 10.0)",0
55.84,"(10.0, 10.0, 10.0)",0
55.88,"(10.0, 10.0, 10.0)",0
55.92,"(10.0, 10.0, 10.0)",0
55.96,"(10.0, 10.0, 10.0)",0
56.0,"(10.0, 10.0, 10.0)",0
56.04,"(10.0, 10.0, 10.0)",0
56.08,"(10.0, 10.0, 10.0)",0
56.120000000000005,"(10.0, 10.0, 10.0)",0
56.160000000000004,"(10.0, 10.0, 10.0)",0
56.2,"(10.0, 10.0, 10.0)",0
56.24,"(10.0, 10.0, 10.0)",0
56.28,"(10.0, 10.0, 10.0)",0
56.32,"(10.0, 10.0, 10.0)",0
56.36,"(10.0, 10.0, 10.0)",0
56.4,"(10.0, 10.0, 10.0)",0
56.44,"(10.0, 10.0, 10.0)",0
56.480000000000004,"(10.0, 10.0, 10.0)",0
56.52,"(10.0, 10.0, 10.0)",0
56.56,"(10.0, 10.0, 10.0)",0
56.6,"(10.0, 10.0, 10.0)",0
56.64,"(10.0, 10.0, 10.0)",0
56.68,"(10.0, 10.0, 10.0)",0
56.72,"(10.0, 10.0, 10.0)",0
56.76,"(10.0, 10.0, 10.0)",0
56.800000000000004,"(10.0, 10.0, 10.0)",0
56.84,"(10.0, 10.0, 10.0)",0
56.88,"(10.0, 10.0, 10.0)",0
56.92,"(10.0, 10.0, 10.0)",0
56.96,"(10.0, 10.0, 10.0)",0
57.0,"(10.0, 10.0, 10.0)",0
57.04,"(10.0, 10.0, 10.0)",0
57.08,"(10.0, 10.0, 10.0)",0
57.120000000000005,"(10.0, 10.0, 10.0)",0
57.160000000000004,"(10.0, 10.0, 10.0)",0
57.2,"(10.0, 10.0, 10.0)",0
57.24,"(10.0, 10.0, 10.0)",0
57.28,"(10.0, 10.0, 10.0)",0
57.32,"(10.0, 10.0, 10.0)",0
57.36,"(10.0, 10.0, 10.0)",0
57.4,"(10.0, 10.0, 10.0)",0
57.44,"(10.0, 10.0, 10.0)",0
57.480000000000004,"(10.0, 10.0, 10.0)",0
57.52,"(10.0, 10.0, 10.0)",0
57.56,"(10.0, 10.0, 10.0)",0
57.6,"(10.0, 10.0, 10.0)",0
57.64,"(10.0, 10.0, 10.0)",0
57.68,"(10.0, 10.0, 10.0)",0
57.72,"(10.0, 10.0, 10.0)",0
57.76,"(10.0, 10.0, 10.0)",0
57.800000000000004,"(10.0, 10.0, 10.0)",0
57.84,"(10.0, 10.0, 10.0)",0
57.88,"(10.0, 10.0, 10.0)",0
57.92,"(10.0, 10.0, 10.0)",0
57.96,"(10.0, 10.0, 10.0)",0
58.0,"(10.0, 10.0, 10.0)",0
58.04,"(10.0, 10.0, 10.0)",0
58.08,"(10.0, 10.0, 10.0)",0
58.120000000000005,"(10.0, 10.0, 10.0)",0
58.160000000000004,"(10.0, 10.0, 10.0)",0
58.2,"(10.0, 10.0, 10.0)",0
58.24,"(10.0, 10.0, 10.0)",0
58.28,"(10.0, 10.0, 10.0)",0
58.32,"(10.0, 10.0, 10.0)",0
58.36,"(10.0, 10.0, 10.0)",0
58.4,"(10.0, 10.0, 10.0)",0
58.44,"(10.0, 10.0, 10.0)",0
58.480000000000004,"(10.0, 10.0, 10.0)",0
58.52,"(10.0, 10.0, 10.0)",0
58.56,"(10.0, 10.0, 10.0)",0
58.6,"(10.0, 10.0, 10.0)",0
58.64,"(10.0, 10.0, 10.0)",0
58.68,"(10.0, 10.0, 10.0)",0
58.72,"(10.0, 10.0, 10.0)",0
58.76,"(10.0, 10.0, 10.0)",0
58.800000000000004,"(10.0, 10.0, 10.0)",0
58.84,"(10.0, 10.0, 10.0)",0
58.88,"(10.0, 10.0, 10.0)",0
58.92,"(10.0, 10.0, 10.0)",0
58.96,"(10.0, 10.0, 10.0)",0
59.0,"(10.0, 10.0, 10.0)",0
59.04,"(10.0, 10.0, 10.0)",0
59.08,"(10.0, 10.0, 10.0)",0
59.120000000000005,"(10.0, 10.0, 10.0)",0
59.160000000000004,"(10.0, 10.0, 10.0)",0
59.2,"(10.0, 10.0, 10.0)",0
59.24,"(10.0, 10.0, 10.0)",0
59.28,"(10.0, 10.0, 10.0)",0
59.32,"(10.0, 10.0, 10.0)",0
59.36,"(10.0, 10.0, 10.0)",0
59.4,"(10.0, 10.0, 10.0)",0
59.44,"(10.0, 10.0, 10.0)",0
59.480000000000004,"(10.0, 10.0, 10.0)",0
59.52,"(10.0, 10.0, 10.0)",0
59.56,"(10.0, 10.0, 10.0)",0
59.6,"(10.0, 10.0, 10.0)",0
59.64,"(10.0, 10.0, 10.0)",0
59.68,"(10.0, 10.0, 10.0)",0
59.72,"(10.0, 10.0, 10.0)",0
59.76,"(10.0, 10.0, 10.0)",0
59.800000000000004,"(10.0, 10.0, 10.0)",0
59.84,"(10.0, 10.0, 10.0)",0
59.88,"(10.0, 10.0, 10.0)",0
59.92,"(10.0, 10.0, 10.0)",0
59.96,"(10.0, 10.0, 10.0)",0
60.0,"(10.0, 10.0, 10.0)",0
60.04,"(10.0, 10.0, 10.0)",0
60.08,"(10.0, 10.0, 10.0)",0
60.120000000000005,"(10.0, 10.0, 10.0)",0
60.160000000000004,"(10.0, 10.0, 10.0)",0
60.2,"(10.0, 10.0, 10.0)",0
60.24,"(10.0, 10.0, 10.0)",0
60.28,"(10.0, 10.0, 10.0)",0
60.32,"(10.0, 10.0, 10.0)",0
60.36,"(10.0, 10.0, 10.0)",0
60.4,"(10.0, 10.0, 10.0)",0
60.44,"(10.0, 10.0, 10.0)",0
60.480000000000004,"(10.0, 10.0, 10.0)",0
60.52,"(10.0, 10.0, 10.0)",0
60.56,"(10.0, 10.0, 10.0)",0
60.6,"(10.0, 10.0, 10.0)",0
60.64,"(10.0, 10.0, 10.0)",0
60.68,"(10.0, 10.0, 10.0)",0
60.72,"(10.0, 10.0, 10.0)",0
60.76,"(10.0, 10.0, 10.0)",0
60.800000000000004,"(10.0, 10.0, 10.0)",0
60.84,"(10.0, 10.0, 10.0)",0
60.88,"(10.0, 10.0, 10.0)",0
60.92,"(10.0, 10.0, 10.0)",0
60.96,"(10.0, 10.0, 10.0)",0
61.0,"(10.0, 10.0, 10.0)",0
61.04,"(10.0, 10.0, 10.0)",0
61.08,"(10.0, 10.0, 10.0)",0
61.120000000000005,"(10.0, 10.0, 10.0)",0
61.160000000000004,"(10.0, 10.0, 10.0)",0
61.2,"(10.0, 10.0, 10.0)",0
61.24,"(10.0, 10.0, 10.0)",0
61.28,"(10.0, 10.0, 10.0)",0
61.32,"(10.0, 10.0, 10.0)",0
61.36,"(10.0, 10.0, 10.0)",0
61.4,"(10.0, 10.0, 10.0)",0
61.44,"(10.0, 10.0, 10.0)",0
61.480000000000004,"(10.0, 10.0, 10.0)",0
61.52,"(10.0, 10.0, 10.0)",0
61.56,"(10.0, 10.0, 10.0)",0
61.6,"(10.0, 10.0, 10.0)",0
61.64,"(10.0, 10.0, 10.0)",0
61.68,"(10.0, 10.0, 10.0)",0
61.72,"(10.0, 10.0, 10.0)",0
61.76,"(10.0, 10.0, 10.0)",0
61.800000000000004,"(10.0, 10.0, 10.0)",0
61.84,"(10.0, 10.0, 10.0)",0
61.88,"(10.0, 10.0, 10.0)",0
61.92,"(10.0, 10.0, 10.0)",0
61.96,"(10.0, 10.0, 10.0)",0
62.0,"(10.0, 10.0, 10.0)",0
62.04,"(10.0, 10.0, 10.0)",0
62.08,"(10.0, 10.0, 10.0)",0
62.120000000000005,"(10.0, 10.0, 10.0)",0
62.160000000000004,"(10.0, 10.0, 10.0)",0
62.2,"(10.0, 10.0, 10.0)",0
62.24,"(10.0, 10.0, 10.0)",0
62.28,"(10.0, 10.0, 10.0)",0
62.32,"(10.0, 10.0, 10.0)",0
62.36,"(10.0, 10.0, 10.0)",0
62.4,"(10.0, 10.0, 10.0)",0
62.440000000000005,"(10.0, 10.0, 10.0)",0
62.480000000000004,"(10.0, 10.0, 10.0)",0
62.52,"(10.0, 10.0, 10.0)",0
62.56,"(10.0, 10.0, 10.0)",0
62.6,"(10.0, 10.0, 10.0)",0
62.64,"(10.0, 10.0, 10.0)",0
62.68,"(10.0, 10.0, 10.0)",0
62.72,"(10.0, 10.0, 10.0)",0
62.76,"(10.0, 10.0, 10.0)",0
62.800000000000004,"(10.0, 10.0, 10.0)",0
62.84,"(10.0, 10.0, 10.0)",0
62.88,"(10.0, 10.0, 10.0)",0
62.92,"(10.0, 10.0, 10.0)",0
62.96,"(10.0, 10.0, 10.0)",0
63.0,"(10.0, 10.0, 10.0)",0
63.04,"(10.0, 10.0, 10.0)",0
63.08,"(10.0, 10.0, 10.0)",0
63.120000000000005,"(10.0, 10.0, 10.0)",0
63.160000000000004,"(10.0, 10.0, 10.0)",0
63.2,"(10.0, 10.0, 10.0)",0
63.24,"(10.0, 10.0, 10.0)",0
63.28,"(10.0, 10.0, 10.0)",0
63.32,"(10.0, 10.0, 10.0)",0
63.36,"(10.0, 10.0, 10.0)",0
63.4,"(10.0, 10.0, 10.0)",0
63.440000000000005,"(10.0, 10.0, 10.0)",0
63.480000000000004,"(10.0, 10.0, 10.0)",0
63.52,"(10.0, 10.0, 10.0)",0
63.56,"(10.0, 10.0, 10.0)",0
63.6,"(10.0, 10.0, 10.0)",0
63.64,"(10.0, 10.0, 10.0)",0
63.68,"(10.0, 10.0, 10.0)",0
63.72,"(10.0, 10.0, 10.0)",0
63.76,"(10.0, 10.0, 10.0)",0
63.800000000000004,"(10.0, 10.0, 10.0)",0
63.84,"(10.0, 10.0, 10.0)",0
63.88,"(10.0, 10.0, 10.0)",0
63.92,"(10.0, 10.0, 10.0)",0
63.96,"(10.0, 10.0, 10.0)",0
64.0,"(10.0, 10.0, 10.0)",0
64.04,"(10.0, 10.0, 10.0)",0
64.08,"(10.0, 10.0, 10.0)",0
64.12,"(10.0, 10.0, 10.0)",0
64.16,"(10.0, 10.0, 10.0)",0
64.2,"(10.0, 10.0, 10.0)",0
64.24,"(10.0, 10.0, 10.0)",0
64.28,"(10.0, 10.0, 10.0)",0
64.32000000000001,"(10.0, 10.0, 10.0)",0
64.36,"(10.0, 10.0, 10.0)",0
64.4,"(10.0, 10.0, 10.0)",0
64.44,"(10.0, 10.0, 10.0)",0
64.48,"(10.0, 10.0, 10.0)",0
64.52,"(10.0, 10.0, 10.0)",0
64.56,"(10.0, 10.0, 10.0)",0
64.6,"(10.0, 10.0, 10.0)",0
64.64,"(10.0, 10.0, 10.0)",0
64.68,"(10.0, 10.0, 10.0)",0
64.72,"(10.0, 10.0, 10.0)",0
64.76,"(10.0, 10.0, 10.0)",0
64.8,"(10.0, 10.0, 10.0)",0
64.84,"(10.0, 10.0, 10.0)",0
64.88,"(10.0, 10.0, 10.0)",0
64.92,"(10.0, 10.0, 10.0)",0
64.96000000000001,"(10.0, 10.0, 10.0)",0
65.0,"(10.0, 10.0, 10.0)",0
65.04,"(10.0, 10.0, 10.0)",0
65.08,"(10.0, 10.0, 10.0)",0
65.12,"(10.0, 10.0, 10.0)",0
65.16,"(10.0, 10.0, 10.0)",0
65.2,"(10.0, 10.0, 10.0)",0
65.24,"(10.0, 10.0, 10.0)",0
65.28,"(10.0, 10.0, 10.0)",0
65.32000000000001,"(10.0, 10.0, 10.0)",0
65.36,"(10.0, 10.0, 10.0)",0
65.4,"(10.0, 10.0, 10.0)",0
65.44,"(10.0, 10.0, 10.0)",0
65.48,"(10.0, 10.0, 10.0)",0
65.52,"(10.0, 10.0, 10.0)",0
65.56,"(10.0, 10.0, 10.0)",0
65.6,"(10.0, 10.0, 10.0)",0
65.64,"(10.0, 10.0, 10.0)",0
65.68,"(10.0, 10.0, 10.0)",0
65.72,"(10.0, 10.0, 10.0)",0
65.76,"(10.0, 10.0, 10.0)",0
65.8,"(10.0, 10.0, 10.0)",0
65.84,"(10.0, 10.0, 10.0)",0
65.88,"(10.0, 10.0, 10.0)",0
65.92,"(10.0, 10.0, 10.0)",0
65.96000000000001,"(10.0, 10.0, 10.0)",0
66.0,"(10.0, 10.0, 10.0)",0
66.04,"(10.0, 10.0, 10.0)",0
66.08,"(10.0, 10.0, 10.0)",0
66.12,"(10.0, 10.0, 10.0)",0
66.16,"(10.0, 10.0, 10.0)",0
66.2,"(10.0, 10.0, 10.0)",0
66.24,"(10.0, 10.0, 10.0)",0
66.28,"(10.0, 10.0, 10.0)",0
66.32000000000001,"(10.0, 10.0, 10.0)",0
66.36,"(10.0, 10.0, 10.0)",0
66.4,"(10.0, 10.0, 10.0)",0
66.44,"(10.0, 10.0, 10.0)",0
66.48,"(10.0, 10.0, 10.0)",0
66.52,"(10.0, 10.0, 10.0)",0
66.56,"(10.0, 10.0, 10.0)",0
66.6,"(10.0, 10.0, 10.0)",0
66.64,"(10.0, 10.0, 10.0)",0
66.68,"(10.0, 10.0, 10.0)",0
66.72,"(10.0, 10.0, 10.0)",0
66.76,"(10.0, 10.0, 10.0)",0
66.8,"(10.0, 10.0, 10.0)",0
66.84,"(10.0, 10.0, 10.0)",0
66.88,"(10.0, 10.0, 10.0)",0
66.92,"(10.0, 10.0, 10.0)",0
66.96000000000001,"(10.0, 10.0, 10.0)",0
67.0,"(10.0, 10.0, 10.0)",0
67.04,"(10.0, 10.0, 10.0)",0
67.08,"(10.0, 10.0, 10.0)",0
67.12,"(10.0, 10.0, 10.0)",0
67.16,"(10.0, 10.0, 10.0)",0
67.2,"(10.0, 10.0, 10.0)",0
67.24,"(10.0, 10.0, 10.0)",0
67.28,"(10.0, 10.0, 10.0)",0
67.32000000000001,"(10.0, 10.0, 10.0)",0
67.36,"(10.0, 10.0, 10.0)",0
67.4,"(10.0, 10.0, 10.0)",0
67.44,"(10.0, 10.0, 10.0)",0
67.48,"(10.0, 10.0, 10.0)",0
67.52,"(10.0, 10.0, 10.0)",0
67.56,"(10.0, 10.0, 10.0)",0
67.6,"(10.0, 10.0, 10.0)",0
67.64,"(10.0, 10.0, 10.0)",0
67.68,"(10.0, 10.0, 10.0)",0
67.72,"(10.0, 10.0, 10.0)",0
67.76,"(10.0, 10.0, 10.0)",0
67.8,"(10.0, 10.0, 10.0)",0
67.84,"(10.0, 10.0, 10.0)",0
67.88,"(10.0, 10.0, 10.0)",0
67.92,"(10.0, 10.0, 10.0)",0
67.96000000000001,"(10.0, 10.0, 10.0)",0
68.0,"(10.0, 10.0, 10.0)",0
68.04,"(10.0, 10.0, 10.0)",0
68.08,"(10.0, 10.0, 10.0)",0
68.12,"(10.0, 10.0, 10.0)",0
68.16,"(10.0, 10.0, 10.0)",0
68.2,"(10.0, 10.0, 10.0)",0
68.24,"(10.0, 10.0, 10.0)",0
68.28,"(10.0, 10.0, 10.0)",0
68.32000000000001,"(10.0, 10.0, 10.0)",0
68.36,"(10.0, 10.0, 10.0)",0
68.4,"(10.0, 10.0, 10.0)",0
68.44,"(10.0, 10.0, 10.0)",0
68.48,"(10.0, 10.0, 10.0)",0
68.52,"(10.0, 10.0, 10.0)",0
68.56,"(10.0, 10.0, 10.0)",0
68.60000000000001,"(10.0, 10.0, 10.0)",0
68.64,"(10.0, 10.0, 10.0)",0
68.68,"(10.0, 10.0, 10.0)",0
68.72,"(10.0, 10.0, 10.0)",0
68.76,"(10.0, 10.0, 10.0)",0
68.8,"(10.0, 10.0, 10.0)",0
68.84,"(10.0, 10.0, 10.0)",0
68.88,"(10.0, 10.0, 10.0)",0
68.92,"(10.0, 10.0, 10.0)",0
68.96000000000001,"(10.0, 10.0, 10.0)",0
69.0,"(10.0, 10.0, 10.0)",0
69.04,"(10.0, 10.0, 10.0)",0
69.08,"(10.0, 10.0, 10.0)",0
69.12,"(10.0, 10.0, 10.0)",0
69.16,"(10.0, 10.0, 10.0)",0
69.2,"(10.0, 10.0, 10.0)",0
69.24,"(10.0, 10.0, 10.0)",0
69.28,"(10.0, 10.0, 10.0)",0
69.32000000000001,"(10.0, 10.0, 10.0)",0
69.36,"(10.0, 10.0, 10.0)",0
69.4,"(10.0, 10.0, 10.0)",0
69.44,"(10.0, 10.0, 10.0)",0
69.48,"(10.0, 10.0, 10.0)",0
69.52,"(10.0, 10.0, 10.0)",0
69.56,"(10.0, 10.0, 10.0)",0
69.60000000000001,"(10.0, 10.0, 10.0)",0
69.64,"(10.0, 10.0, 10.0)",0
69.68,"(10.0, 10.0, 10.0)",0
69.72,"(10.0, 10.0, 10.0)",0
69.76,"(10.0, 10.0, 10.0)",0
69.8,"(10.0, 10.0, 10.0)",0
69.84,"(10.0, 10.0, 10.0)",0
69.88,"(10.0, 10.0, 10.0)",0
69.92,"(10.0, 10.0, 10.0)",0
69.96000000000001,"(10.0, 10.0, 10.0)",0
70.0,"(10.0, 10.0, 10.0)",0
70.04,"(10.0, 10.0, 10.0)",0
70.08,"(10.0, 10.0, 10.0)",0
70.12,"(10.0, 10.0, 10.0)",0
70.16,"(10.0, 10.0, 10.0)",0
70.2,"(10.0, 10.0, 10.0)",0
70.24,"(10.0, 10.0, 10.0)",0
70.28,"(10.0, 10.0, 10.0)",0
70.32000000000001,"(10.0, 10.0, 10.0)",0
70.36,"(10.0, 10.0, 10.0)",0
70.4,"(10.0, 10.0, 10.0)",0
70.44,"(10.0, 10.0, 10.0)",0
70.48,"(10.0, 10.0, 10.0)",0
70.52,"(10.0, 10.0, 10.0)",0
70.56,"(10.0, 10.0, 10.0)",0
70.60000000000001,"(10.0, 10.0, 10.0)",0
70.64,"(10.0, 10.0, 10.0)",0
70.68,"(10.0, 10.0, 10.0)",0
70.72,"(10.0, 10.0, 10.0)",0
70.76,"(10.0, 10.0, 10.0)",0
70.8,"(10.0, 10.0, 10.0)",0
70.84,"(10.0, 10.0, 10.0)",0
70.88,"(10.0, 10.0, 10.0)",0
70.92,"(10.0, 10.0, 10.0)",0
70.96000000000001,"(10.0, 10.0, 10.0)",0
71.0,"(10.0, 10.0, 10.0)",0
71.04,"(10.0, 10.0, 10.0)",0
71.08,"(10.0, 10.0, 10.0)",0
71.12,"(10.0, 10.0, 10.0)",0
71.16,"(10.0, 10.0, 10.0)",0
71.2,"(10.0, 10.0, 10.0)",0
71.24,"(10.0, 10.0, 10.0)",0
71.28,"(10.0, 10.0, 10.0)",0
71.32000000000001,"(10.0, 10.0, 10.0)",0
71.36,"(10.0, 10.0, 10.0)",0
71.4,"(10.0, 10.0, 10.0)",0
71.44,"(10.0, 10.0, 10.0)",0
71.48,"(10.0, 10.0, 10.0)",0
71.52,"(10.0, 10.0, 10.0)",0
71.56,"(10.0, 10.0, 10.0)",0
71.60000000000001,"(10.0, 10.0, 10.0)",0
71.64,"(10.0, 10.0, 10.0)",0
71.68,"(10.0, 10.0, 10.0)",0
71.72,"(10.0, 10.0, 10.0)",0
71.76,"(10.0, 10.0, 10.0)",0
71.8,"(10.0, 10.0, 10.0)",0
71.84,"(10.0, 10.0, 10.0)",0
71.88,"(10.0, 10.0, 10.0)",0
71.92,"(10.0, 10.0, 10.0)",0
71.96000000000001,"(10.0, 10.0, 10.0)",0
72.0,"(10.0, 10.0, 10.0)",0
72.04,"(10.0, 10.0, 10.0)",0
72.08,"(10.0, 10.0, 10.0)",0
72.12,"(10.0, 10.0, 10.0)",0
72.16,"(10.0, 10.0, 10.0)",0
72.2,"(10.0, 10.0, 10.0)",0
72.24,"(10.0, 10.0, 10.0)",0
72.28,"(10.0, 10.0, 10.0)",0
72.32000000000001,"(10.0, 10.0, 10.0)",0
72.36,"(10.0, 10.0, 10.0)",0
72.4,"(10.0, 10.0, 10.0)",0
72.44,"(10.0, 10.0, 10.0)",0
72.48,"(10.0, 10.0, 10.0)",0
72.52,"(10.0, 10.0, 10.0)",0
72.56,"(10.0, 10.0, 10.0)",0
72.60000000000001,"(10.0, 10.0, 10.0)",0
72.64,"(10.0, 10.0, 10.0)",0
72.68,"(10.0, 10.0, 10.0)",0
72.72,"(10.0, 10.0, 10.0)",0
72.76,"(10.0, 10.0, 10.0)",0
72.8,"(10.0, 10.0, 10.0)",0
72.84,"(10.0, 10.0, 10.0)",0
72.88,"(10.0, 10.0, 10.0)",0
72.92,"(10.0, 10.0, 10.0)",0
72.96000000000001,"(10.0, 10.0, 10.0)",0
73.0,"(10.0, 10.0, 10.0)",0
73.04,"(10.0, 10.0, 10.0)",0
73.08,"(10.0, 10.0, 10.0)",0
73.12,"(10.0, 10.0, 10.0)",0
73.16,"(10.0, 10.0, 10.0)",0
73.2,"(10.0, 10.0, 10.0)",0
73.24,"(10.0, 10.0, 10.0)",0
73.28,"(10.0, 10.0, 10.0)",0
73.32000000000001,"(10.0, 10.0, 10.0)",0
73.36,"(10.0, 10.0, 10.0)",0
73.4,"(10.0, 10.0, 10.0)",0
73.44,"(10.0, 10.0, 10.0)",0
73.48,"(10.0, 10.0, 10.0)",0
73.52,"(10.0, 10.0, 10.0)",0
73.56,"(10.0, 10.0, 10.0)",0
73.60000000000001,"(10.0, 10.0, 10.0)",0
73.64,"(10.0, 10.0, 10.0)",0
73.68,"(10.0, 10.0, 10.0)",0
73.72,"(10.0, 10.0, 10.0)",0
73.76,"(10.0, 10.0, 10.0)",0
73.8,"(10.0, 10.0, 10.0)",0
73.84,"(10.0, 10.0, 10.0)",0
73.88,"(10.0, 10.0, 10.0)",0
73.92,"(10.0, 10.0, 10.0)",0
73.96000000000001,"(10.0, 10.0, 10.0)",0
74.0,"(10.0, 10.0, 10.0)",0
74.04,"(10.0, 10.0, 10.0)",0
74.08,"(10.0, 10.0, 10.0)",0
74.12,"(10.0, 10.0, 10.0)",0
74.16,"(10.0, 10.0, 10.0)",0
74.2,"(10.0, 10.0, 10.0)",0
74.24,"(10.0, 10.0, 10.0)",0
74.28,"(10.0, 10.0, 10.0)",0
74.32000000000001,"(10.0, 10.0, 10.0)",0
74.36,"(10.0, 10.0, 10.0)",0
74.4,"(10.0, 10.0, 10.0)",0
74.44,"(10.0, 10.0, 10.0)",0
74.48,"(10.0, 10.0, 10.0)",0
74.52,"(10.0, 10.0, 10.0)",0
74.56,"(10.0, 10.0, 10.0)",0
74.60000000000001,"(10.0, 10.0, 10.0)",0
74.64,"(10.0, 10.0, 10.0)",0
74.68,"(10.0, 10.0, 10.0)",0
74.72,"(10.0, 10.0, 10.0)",0
74.76,"(10.0, 10.0, 10.0)",0
74.8,"(10.0, 10.0, 10.0)",0
74.84,"(10.0, 10.0, 10.0)",0
74.88,"(10.0, 10.0, 10.0)",0
74.92,"(10.0, 10.0, 10.0)",0
74.96000000000001,"(10.0, 10.0, 10.0)",0
75.0,"(10.0, 10.0, 10.0)",0
75.04,"(10.0, 10.0, 10.0)",0
75.08,"(10.0, 10.0, 10.0)",0
75.12,"(10.0, 10.0, 10.0)",0
75.16,"(10.0, 10.0, 10.0)",0
75.2,"(10.0, 10.0, 10.0)",0
75.24,"(10.0, 10.0, 10.0)",0
75.28,"(10.0, 10.0, 10.0)",0
75.32000000000001,"(10.0, 10.0, 10.0)",0
75.36,"(10.0, 10.0, 10.0)",0
75.4,"(10.0, 10.0, 10.0)",0
75.44,"(10.0, 10.0, 10.0)",0
75.48,"(10.0, 10.0, 10.0)",0
75.52,"(10.0, 10.0, 10.0)",0
75.56,"(10.0, 10.0, 10.0)",0
75.60000000000001,"(10.0, 10.0, 10.0)",0
75.64,"(10.0, 10.0, 10.0)",0
75.68,"(10.0, 10.0, 10.0)",0
75.72,"(10.0, 10.0, 10.0)",0
75.76,"(10.0, 10.0, 10.0)",0
75.8,"(10.0, 10.0, 10.0)",0
75.84,"(10.0, 10.0, 10.0)",0
75.88,"(10.0, 10.0, 10.0)",0
75.92,"(10.0, 10.0, 10.0)",0
75.96000000000001,"(10.0, 10.0, 10.0)",0
76.0,"(10.0, 10.0, 10.0)",0
76.04,"(10.0, 10.0, 10.0)",0
76.08,"(10.0, 10.0, 10.0)",0
76.12,"(10.0, 10.0, 10.0)",0
76.16,"(10.0, 10.0, 10.0)",0
76.2,"(10.0, 10.0, 10.0)",0
76.24,"(10.0, 10.0, 10.0)",0
76.28,"(10.0, 10.0, 10.0)",0
76.32000000000001,"(10.0, 10.0, 10.0)",0
76.36,"(10.0, 10.0, 10.0)",0
76.4,"(10.0, 10.0, 10.0)",0
76.44,"(10.0, 10.0, 10.0)",0
76.48,"(10.0, 10.0, 10.0)",0
76.52,"(10.0, 10.0, 10.0)",0
76.56,"(10.0, 10.0, 10.0)",0
76.60000000000001,"(10.0, 10.0, 10.0)",0
76.64,"(10.0, 10.0, 10.0)",0
76.68,"(10.0, 10.0, 10.0)",0
76.72,"(10.0, 10.0, 10.0)",0
76.76,"(10.0, 10.0, 10.0)",0
76.8,"(10.0, 10.0, 10.0)",0
76.84,"(10.0, 10.0, 10.0)",0
76.88,"(10.0, 10.0, 10.0)",0
76.92,"(10.0, 10.0, 10.0)",0
76.96000000000001,"(10.0, 10.0, 10.0)",0
77.0,"(10.0, 10.0, 10.0)",0
77.04,"(10.0, 10.0, 10.0)",0
77.08,"(10.0, 10.0, 10.0)",0
77.12,"(10.0, 10.0, 10.0)",0
77.16,"(10.0, 10.0, 10.0)",0
77.2,"(10.0, 10.0, 10.0)",0
77.24,"(10.0, 10.0, 10.0)",0
77.28,"(10.0, 10.0, 10.0)",0
77.32000000000001,"(10.0, 10.0, 10.0)",0
77.36,"(10.0, 10.0, 10.0)",0
77.4,"(10.0, 10.0, 10.0)",0
77.44,"(10.0, 10.0, 10.0)",0
77.48,"(10.0, 10.0, 10.0)",0
77.52,"(10.0, 10.0, 10.0)",0
77.56,"(10.0, 10.0, 10.0)",0
77.60000000000001,"(10.0, 10.0, 10.0)",0
77.64,"(10.0, 10.0, 10.0)",0
77.68,"(10.0, 10.0, 10.0)",0
77.72,"(10.0, 10.0, 10.0)",0
77.76,"(10.0, 10.0, 10.0)",0
77.8,"(10.0, 10.0, 10.0)",0
77.84,"(10.0, 10.0, 10.0)",0
77.88,"(10.0, 10.0, 10.0)",0
77.92,"(10.0, 10.0, 10.0)",0
77.96000000000001,"(10.0, 10.0, 10.0)",0
78.0,"(10.0, 10.0, 10.0)",0
78.04,"(10.0, 10.0, 10.0)",0
78.08,"(10.0, 10.0, 10.0)",0
78.12,"(10.0, 10.0, 10.0)",0
78.16,"(10.0, 10.0, 10.0)",0
78.2,"(10.0, 10.0, 10.0)",0
78.24,"(10.0, 10.0, 10.0)",0
78.28,"(10.0, 10.0, 10.0)",0
78.32000000000001,"(10.0, 10.0, 10.0)",0
78.36,"(10.0, 10.0, 10.0)",0
78.4,"(10.0, 10.0, 10.0)",0
78.44,"(10.0, 10.0, 10.0)",0
78.48,"(10.0, 10.0, 10.0)",0
78.52,"(10.0, 10.0, 10.0)",0
78.56,"(10.0, 10.0, 10.0)",0
78.60000000000001,"(10.0, 10.0, 10.0)",0
78.64,"(10.0, 10.0, 10.0)",0
78.68,"(10.0, 10.0, 10.0)",0
78.72,"(10.0, 10.0, 10.0)",0
78.76,"(10.0, 10.0, 10.0)",0
78.8,"(10.0, 10.0, 10.0)",0
78.84,"(10.0, 10.0, 10.0)",0
78.88,"(10.0, 10.0, 10.0)",0
78.92,"(10.0, 10.0, 10.0)",0
78.96000000000001,"(10.0, 10.0, 10.0)",0
79.0,"(10.0, 10.0, 10.0)",0
79.04,"(10.0, 10.0, 10.0)",0
79.08,"(10.0, 10.0, 10.0)",0
79.12,"(10.0, 10.0, 10.0)",0
79.16,"(10.0, 10.0, 10.0)",0
79.2,"(10.0, 10.0, 10.0)",0
79.24,"(10.0, 10.0, 10.0)",0
79.28,"(10.0, 10.0, 10.0)",0
79.32000000000001,"(10.0, 10.0, 10.0)",0
79.36,"(10.0, 10.0, 10.0)",0
79.4,"(10.0, 10.0, 10.0)",0
79.44,"(10.0, 10.0, 10.0)",0
79.48,"(10.0, 10.0, 10.0)",0
79.52,"(10.0, 10.0, 10.0)",0
79.56,"(10.0, 10.0, 10.0)",0
79.60000000000001,"(10.0, 10.0, 10.0)",0
79.64,"(10.0, 10.0, 10.0)",0
79.68,"(10.0, 10.0, 10.0)",0
79.72,"(10.0, 10.0, 10.0)",0
79.76,"(10.0, 10.0, 10.0)",0
79.8,"(10.0, 10.0, 10.0)",0
79.84,"(10.0, 10.0, 10.0)",0
79.88,"(10.0, 10.0, 10.0)",0
79.92,"(10.0, 10.0, 10.0)",0
79.96000000000001,"(10.0, 10.0, 10.0)",0
80.0,"(10.0, 10.0, 10.0)",0
80.04,"(10.0, 10.0, 10.0)",0
80.08,"(10.0, 10.0, 10.0)",0
80.12,"(10.0, 10.0, 10.0)",0
80.16,"(10.0, 10.0, 10.0)",0
80.2,"(10.0, 10.0, 10.0)",0
80.24,"(10.0, 10.0, 10.0)",0
80.28,"(10.0, 10.0, 10.0)",0
80.32000000000001,"(10.0, 10.0, 10.0)",0
80.36,"(10.0, 10.0, 10.0)",0
80.4,"(10.0, 10.0, 10.0)",0
80.44,"(10.0, 10.0, 10.0)",0
80.48,"(10.0, 10.0, 10.0)",0
80.52,"(10.0, 10.0, 10.0)",0
80.56,"(10.0, 10.0, 10.0)",0
80.60000000000001,"(10.0, 10.0, 10.0)",0
80.64,"(10.0, 10.0, 10.0)",0
80.68,"(10.0, 10.0, 10.0)",0
80.72,"(10.0, 10.0, 10.0)",0
80.76,"(10.0, 10.0, 10.0)",0
80.8,"(10.0, 10.0, 10.0)",0
80.84,"(10.0, 10.0, 10.0)",0
80.88,"(10.0, 10.0, 10.0)",0
80.92,"(10.0, 10.0, 10.0)",0
80.96000000000001,"(10.0, 10.0, 10.0)",0
81.0,"(10.0, 10.0, 10.0)",0
81.04,"(10.0, 10.0, 10.0)",0
81.08,"(10.0, 10.0, 10.0)",0
81.12,"(10.0, 10.0, 10.0)",0
81.16,"(10.0, 10.0, 10.0)",0
81.2,"(10.0, 10.0, 10.0)",0
81.24,"(10.0, 10.0, 10.0)",0
81.28,"(10.0, 10.0, 10.0)",0
81.32000000000001,"(10.0, 10.0, 10.0)",0
81.36,"(10.0, 10.0, 10.0)",0
81.4,"(10.0, 10.0, 10.0)",0
81.44,"(10.0, 10.0, 10.0)",0
81.48,"(10.0, 10.0, 10.0)",0
81.52,"(10.0, 10.0, 10.0)",0
81.56,"(10.0, 10.0, 10.0)",0
81.60000000000001,"(10.0, 10.0, 10.0)",0
81.64,"(10.0, 10.0, 10.0)",0
81.68,"(10.0, 10.0, 10.0)",0
81.72,"(10.0, 10.0, 10.0)",0
81.76,"(10.0, 10.0, 10.0)",0
81.8,"(10.0, 10.0, 10.0)",0
81.84,"(10.0, 10.0, 10.0)",0
81.88,"(10.0, 10.0, 10.0)",0
81.92,"(10.0, 10.0, 10.0)",0
81.96000000000001,"(10.0, 10.0, 10.0)",0
82.0,"(10.0, 10.0, 10.0)",0
82.04,"(10.0, 10.0, 10.0)",0
82.08,"(10.0, 10.0, 10.0)",0
82.12,"(10.0, 10.0, 10.0)",0
82.16,"(10.0, 10.0, 10.0)",0
82.2,"(10.0, 10.0, 10.0)",0
82.24,"(10.0, 10.0, 10.0)",0
82.28,"(10.0, 10.0, 10.0)",0
82.32000000000001,"(10.0, 10.0, 10.0)",0
82.36,"(10.0, 10.0, 10.0)",0
82.4,"(10.0, 10.0, 10.0)",0
82.44,"(10.0, 10.0, 10.0)",0
82.48,"(10.0, 10.0, 10.0)",0
82.52,"(10.0, 10.0, 10.0)",0
82.56,"(10.0, 10.0, 10.0)",0
82.60000000000001,"(10.0, 10.0, 10.0)",0
82.64,"(10.0, 10.0, 10.0)",0
82.68,"(10.0, 10.0, 10.0)",0
82.72,"(10.0, 10.0, 10.0)",0
82.76,"(10.0, 10.0, 10.0)",0
82.8,"(10.0, 10.0, 10.0)",0
82.84,"(10.0, 10.0, 10.0)",0
82.88,"(10.0, 10.0, 10.0)",0
82.92,"(10.0, 10.0, 10.0)",0
82.96000000000001,"(10.0, 10.0, 10.0)",0
83.0,"(10.0, 10.0, 10.0)",0
83.04,"(10.0, 10.0, 10.0)",0
83.08,"(10.0, 10.0, 10.0)",0
83.12,"(10.0, 10.0, 10.0)",0
83.16,"(10.0, 10.0, 10.0)",0
83.2,"(10.0, 10.0, 10.0)",0
83.24,"(10.0, 10.0, 10.0)",0
83.28,"(10.0, 10.0, 10.0)",0
83.32000000000001,"(10.0, 10.0, 10.0)",0
83.36,"(10.0, 10.0, 10.0)",0
83.4,"(10.0, 10.0, 10.0)",0
83.44,"(10.0, 10.0, 10.0)",0
83.48,"(10.0, 10.0, 10.0)",0
83.52,"(10.0, 10.0, 10.0)",0
83.56,"(10.0, 10.0, 10.0)",0
83.60000000000001,"(10.0, 10.0, 10.0)",0
83.64,"(10.0, 10.0, 10.0)",0
83.68,"(10.0, 10.0, 10.0)",0
83.72,"(10.0, 10.0, 10.0)",0
83.76,"(10.0, 10.0, 10.0)",0
83.8,"(10.0, 10.0, 10.0)",0
83.84,"(10.0, 10.0, 10.0)",0
83.88,"(10.0, 10.0, 10.0)",0
83.92,"(10.0, 10.0, 10.0)",0
83.96000000000001,"(10.0, 10.0, 10.0)",0
84.0,"(10.0, 10.0, 10.0)",0
84.04,"(10.0, 10.0, 10.0)",0
84.08,"(10.0, 10.0, 10.0)",0
84.12,"(10.0, 10.0, 10.0)",0
84.16,"(10.0, 10.0, 10.0)",0
84.2,"(10.0, 10.0, 10.0)",0
84.24,"(10.0, 10.0, 10.0)",0
84.28,"(10.0, 10.0, 10.0)",0
84.32000000000001,"(10.0, 10.0, 10.0)",0
84.36,"(10.0, 10.0, 10.0)",0
84.4,"(10.0, 10.0, 10.0)",0
84.44,"(10.0, 10.0, 10.0)",0
84.48,"(10.0, 10.0, 10.0)",0
84.52,"(10.0, 10.0, 10.0)",0
84.56,"(10.0, 10.0, 10.0)",0
84.60000000000001,"(10.0, 10.0, 10.0)",0
84.64,"(10.0, 10.0, 10.0)",0
84.68,"(10.0, 10.0, 10.0)",0
84.72,"(10.0, 10.0, 10.0)",0
84.76,"(10.0, 10.0, 10.0)",0
84.8,"(10.0, 10.0, 10.0)",0
84.84,"(10.0, 10.0, 10.0)",0
84.88,"(10.0, 10.0, 10.0)",0
84.92,"(10.0, 10.0, 10.0)",0
84.96000000000001,"(10.0, 10.0, 10.0)",0
85.0,"(10.0, 10.0, 10.0)",0
85.04,"(10.0, 10.0, 10.0)",0
85.08,"(10.0, 10.0, 10.0)",0
85.12,"(10.0, 10.0, 10.0)",0
85.16,"(10.0, 10.0, 10.0)",0
85.2,"(10.0, 10.0, 10.0)",0
85.24,"(10.0, 10.0, 10.0)",0
85.28,"(10.0, 10.0, 10.0)",0
85.32000000000001,"(10.0, 10.0, 10.0)",0
85.36,"(10.0, 10.0, 10.0)",0
85.4,"(10.0, 10.0, 10.0)",0
85.44,"(10.0, 10.0, 10.0)",0
85.48,"(10.0, 10.0, 10.0)",0
85.52,"(10.0, 10.0, 10.0)",0
85.56,"(10.0, 10.0, 10.0)",0
85.60000000000001,"(10.0, 10.0, 10.0)",0
85.64,"(10.0, 10.0, 10.0)",0
85.68,"(10.0, 10.0, 10.0)",0
85.72,"(10.0, 10.0, 10.0)",0
85.76,"(10.0, 10.0, 10.0)",0
85.8,"(10.0, 10.0, 10.0)",0
85.84,"(10.0, 10.0, 10.0)",0
85.88,"(10.0, 10.0, 10.0)",0
85.92,"(10.0, 10.0, 10.0)",0
85.96000000000001,"(10.0, 10.0, 10.0)",0
86.0,"(10.0, 10.0, 10.0)",0
86.04,"(10.0, 10.0, 10.0)",0
86.08,"(10.0, 10.0, 10.0)",0
86.12,"(10.0, 10.0, 10.0)",0
86.16,"(10.0, 10.0, 10.0)",0
86.2,"(10.0, 10.0, 10.0)",0
86.24,"(10.0, 10.0, 10.0)",0
86.28,"(10.0, 10.0, 10.0)",0
86.32000000000001,"(10.0, 10.0, 10.0)",0
86.36,"(10.0, 10.0, 10.0)",0
86.4,"(10.0, 10.0, 10.0)",0
86.44,"(10.0, 10.0, 10.0)",0
86.48,"(10.0, 10.0, 10.0)",0
86.52,"(10.0, 10.0, 10.0)",0
86.56,"(10.0, 10.0, 10.0)",0
86.60000000000001,"(10.0, 10.0, 10.0)",0
86.64,"(10.0, 10.0, 10.0)",0
86.68,"(10.0, 10.0, 10.0)",0
86.72,"(10.0, 10.0, 10.0)",0
86.76,"(10.0, 10.0, 10.0)",0
86.8,"(10.0, 10.0, 10.0)",0
86.84,"(10.0, 10.0, 10.0)",0
86.88,"(10.0, 10.0, 10.0)",0
86.92,"(10.0, 10.0, 10.0)",0
86.96000000000001,"(10.0, 10.0, 10.0)",0
87.0,"(10.0, 10.0, 10.0)",0
87.04,"(10.0, 10.0, 10.0)",0
87.08,"(10.0, 10.0, 10.0)",0
87.12,"(10.0, 10.0, 10.0)",0
87.16,"(10.0, 10.0, 10.0)",0
87.2,"(10.0, 10.0, 10.0)",0
87.24,"(10.0, 10.0, 10.0)",0
87.28,"(10.0, 10.0, 10.0)",0
87.32000000000001,"(10.0, 10.0, 10.0)",0
87.36,"(10.0, 10.0, 10.0)",0
87.4,"(10.0, 10.0, 10.0)",0
87.44,"(10.0, 10.0, 10.0)",0
87.48,"(10.0, 10.0, 10.0)",0
87.52,"(10.0, 10.0, 10.0)",0
87.56,"(10.0, 10.0, 10.0)",0
87.60000000000001,"(10.0, 10.0, 10.0)",0
87.64,"(10.0, 10.0, 10.0)",0
87.68,"(10.0, 10.0, 10.0)",0
87.72,"(10.0, 10.0, 10.0)",0
87.76,"(10.0, 10.0, 10.0)",0
87.8,"(10.0, 10.0, 10.0)",0
87.84,"(10.0, 10.0, 10.0)",0
87.88,"(10.0, 10.0, 10.0)",0
87.92,"(10.0, 10.0, 10.0)",0
87.96000000000001,"(10.0, 10.0, 10.0)",0
88.0,"(10.0, 10.0, 10.0)",0
